reading_id,particulate_ugm3,humidity_pct,sensor_status
1,28.21,68.5,degraded
2,12.41,81.0,ok
3,9.62,36.1,ok
4,9.41,56.0,ok
5,15.88,71.6,ok
6,16.03,46.7,ok
7,8.22,44.2,ok
8,21.88,42.2,ok
9,5.63,52.8,ok
10,11.28,19.3,ok
11,12.53,75.5,ok
12,7.08,54.4,ok
13,20.63,59.3,ok
14,21.63,26.1,ok
15,29.32,63.4,ok
16,14.68,71.9,ok
17,12.0,46.3,ok
18,21.65,43.3,ok
19,10.09,45.5,ok
20,6.68,46.7,ok
21,7.28,73.0,ok
22,5.49,71.2,ok
23,17.39,46.0,ok
24,28.63,76.8,ok
25,12.83,60.5,ok
26,20.32,65.9,ok
27,20.83,66.1,ok
28,10.77,54.2,ok
29,22.67,63.2,ok
30,17.04,63.2,ok
31,10.24,88.7,ok
32,15.38,55.3,degraded
33,11.51,68.1,ok
34,18.79,48.1,ok
35,17.89,43.4,ok
36,16.73,83.2,ok
37,19.25,85.3,ok
38,5.88,66.8,ok
39,6.19,64.8,ok
40,10.9,47.2,ok
41,11.08,58.6,ok
42,19.05,52.1,ok
43,39.33,45.1,ok
44,20.52,58.7,ok
45,7.21,52.3,ok
46,9.64,39.8,ok
47,15.3,37.8,ok
48,11.83,66.8,ok
49,15.12,56.6,ok
50,12.92,72.9,ok
51,8.22,68.4,ok
52,8.5,78.0,ok
53,15.1,77.5,ok
54,39.79,71.8,degraded
55,9.58,67.5,ok
56,8.29,44.2,ok
57,14.6,63.8,ok
58,23.13,57.5,ok
59,33.43,50.4,ok
60,9.19,43.7,ok
61,19.95,56.2,ok
62,10.44,46.8,ok
63,19.63,63.7,ok
64,13.59,33.9,ok
65,13.43,70.5,ok
66,15.34,80.4,ok
67,13.51,51.1,ok
68,22.91,67.7,ok
69,9.85,78.6,ok
70,13.64,56.9,ok
71,14.92,53.1,ok
72,25.71,43.2,ok
73,8.86,71.1,ok
74,10.03,62.9,ok
75,17.35,65.4,ok
76,10.66,73.6,ok
77,15.42,81.2,ok
78,18.88,48.1,ok
79,20.64,44.5,ok
80,11.86,41.9,ok
81,20.74,60.9,ok
82,6.33,65.5,ok
83,18.84,66.3,ok
84,12.19,54.9,ok
85,4.96,65.3,ok
86,8.76,49.2,ok
87,19.93,45.0,ok
88,4.87,51.8,ok
89,6.51,78.5,ok
90,18.48,47.0,ok
91,5.07,74.6,ok
92,7.56,48.1,degraded
93,16.06,53.8,ok
94,12.09,56.1,ok
95,15.0,72.1,degraded
96,10.97,52.7,ok
97,6.68,39.5,ok
98,13.07,52.2,ok
99,38.85,53.5,ok
100,15.03,49.0,ok
101,17.28,83.1,ok
102,20.59,50.0,ok
103,25.02,58.9,ok
104,145.71,73.6,degraded
105,7.82,56.0,ok
106,9.12,66.9,ok
107,10.66,47.8,degraded
108,6.65,73.8,ok
109,23.3,56.8,ok
110,10.13,66.8,ok
111,6.2,61.7,ok
112,11.67,76.7,ok
113,10.78,42.5,ok
114,14.97,66.3,ok
115,12.71,64.9,ok
116,7.65,66.4,ok
117,11.1,85.1,ok
118,9.32,83.6,degraded
119,19.03,69.3,ok
120,22.36,56.9,ok
121,9.62,56.9,ok
122,10.88,71.2,ok
123,17.63,50.0,ok
124,23.83,72.7,ok
125,9.33,80.5,ok
126,9.5,41.1,ok
127,14.53,62.6,ok
128,10.28,27.9,ok
129,22.62,41.1,ok
130,28.87,44.9,degraded
131,38.69,61.1,ok
132,8.59,56.5,ok
133,6.96,66.4,ok
134,15.04,53.4,ok
135,6.66,50.4,ok
136,29.35,49.6,ok
137,13.12,36.1,ok
138,24.1,53.9,ok
139,13.02,67.9,ok
140,12.21,65.9,ok
141,14.03,58.6,ok
142,5.72,60.4,degraded
143,11.02,65.6,ok
144,10.89,44.5,ok
145,10.87,53.9,ok
146,23.1,55.5,ok
147,20.25,69.5,ok
148,11.68,34.1,degraded
149,24.64,37.4,ok
150,156.64,58.3,degraded
151,4.59,58.2,ok
152,14.51,76.0,ok
153,123.25,72.2,ok
154,16.25,68.5,ok
155,12.33,59.2,ok
156,8.06,87.3,ok
157,15.46,58.8,ok
158,9.63,49.6,ok
159,11.7,63.1,ok
160,22.91,41.5,ok
161,37.32,74.0,degraded
162,9.01,50.6,ok
163,24.72,44.1,ok
164,29.82,65.7,ok
165,6.84,66.6,ok
166,13.99,46.0,ok
167,34.86,62.3,ok
168,16.46,51.8,ok
169,9.35,65.9,ok
170,17.68,56.8,ok
171,11.4,79.0,ok
172,28.43,77.6,ok
173,5.9,75.1,ok
174,8.11,67.6,ok
175,17.28,58.5,ok
176,9.04,51.5,ok
177,26.66,23.9,ok
178,16.91,71.2,ok
179,22.68,50.6,ok
180,15.51,33.2,ok
181,9.45,51.5,ok
182,13.57,73.4,ok
183,27.14,68.5,ok
184,19.93,79.7,ok
185,16.4,73.5,ok
186,20.14,61.5,ok
187,10.16,49.2,ok
188,6.06,53.4,ok
189,17.08,53.1,ok
190,21.33,66.9,ok
191,15.79,53.8,ok
192,15.06,75.4,ok
193,18.31,57.2,ok
194,11.01,52.1,ok
195,13.63,76.9,ok
196,21.98,48.9,ok
197,11.37,61.3,ok
198,21.66,60.1,ok
199,15.6,60.9,ok
200,14.86,57.8,ok
201,19.34,66.7,ok
202,10.56,82.0,degraded
203,11.94,46.7,ok
204,6.56,69.4,ok
205,10.37,38.1,ok
206,12.24,39.4,ok
207,18.3,31.4,ok
208,20.31,59.6,ok
209,7.91,56.0,ok
210,11.51,47.4,ok
211,8.41,37.9,ok
212,10.9,52.4,ok
213,13.99,61.2,ok
214,25.6,60.7,ok
215,15.55,60.0,ok
216,19.92,75.5,ok
217,16.17,96.7,ok
218,10.86,39.8,ok
219,17.07,48.5,ok
220,10.72,49.2,ok
221,14.86,75.5,ok
222,19.78,57.8,ok
223,6.87,64.7,ok
224,13.32,32.6,ok
225,7.22,42.8,ok
226,14.32,82.3,ok
227,11.62,79.8,ok
228,11.76,71.7,ok
229,9.52,81.3,degraded
230,10.91,69.9,ok
231,13.24,60.8,ok
232,17.15,62.1,ok
233,16.74,49.3,ok
234,11.35,51.9,ok
235,10.94,63.8,ok
236,20.36,52.3,ok
237,29.68,58.1,ok
238,18.17,53.8,ok
239,12.13,75.5,degraded
240,23.24,59.6,ok
241,20.77,50.3,ok
242,13.34,64.4,ok
243,17.68,57.1,ok
244,6.76,70.4,ok
245,31.63,54.7,ok
246,8.69,89.3,degraded
247,13.44,61.4,ok
248,7.28,43.1,ok
249,8.22,60.9,ok
250,9.41,64.4,ok
251,14.7,74.1,ok
252,23.91,62.3,ok
253,23.94,60.3,ok
254,6.94,80.9,degraded
255,9.58,71.0,ok
256,19.0,57.9,ok
257,9.45,47.5,degraded
258,10.82,65.4,ok
259,12.28,66.9,ok
260,25.65,44.7,ok
261,10.41,51.0,ok
262,14.97,48.8,ok
263,18.76,74.9,ok
264,18.63,53.8,ok
265,12.8,56.4,degraded
266,9.29,50.8,ok
267,10.51,63.9,degraded
268,9.42,52.0,ok
269,17.58,75.3,ok
270,30.98,69.1,ok
271,15.02,56.1,ok
272,22.25,29.4,ok
273,7.43,55.4,ok
274,20.14,61.5,ok
275,21.95,64.3,ok
276,10.84,65.7,ok
277,19.88,59.6,ok
278,15.5,53.7,ok
279,8.83,57.3,ok
280,23.2,81.9,ok
281,18.08,52.8,ok
282,8.7,56.8,ok
283,24.37,45.7,ok
284,11.25,54.6,ok
285,29.7,74.9,ok
286,6.9,62.5,ok
287,8.52,38.1,ok
288,20.17,64.6,ok
289,15.21,36.0,ok
290,8.98,43.7,ok
291,6.82,71.3,ok
292,16.41,49.0,ok
293,13.35,58.0,ok
294,18.02,55.5,ok
295,6.04,72.5,ok
296,8.63,38.9,ok
297,8.46,64.0,ok
298,14.25,56.2,ok
299,19.42,38.4,ok
300,15.18,59.9,ok
301,24.05,42.2,ok
302,8.57,48.8,ok
303,7.14,42.0,ok
304,16.97,62.1,ok
305,33.67,55.6,ok
306,19.89,84.5,ok
307,15.49,66.6,ok
308,13.71,47.7,degraded
309,17.91,80.2,ok
310,30.96,78.0,ok
311,6.3,55.7,ok
312,8.92,56.9,ok
313,19.27,37.5,ok
314,11.07,44.3,ok
315,7.12,69.9,ok
316,20.45,67.5,ok
317,11.85,33.2,ok
318,17.85,68.6,ok
319,11.12,57.6,ok
320,10.94,68.9,ok
321,30.89,60.6,ok
322,27.56,75.3,ok
323,12.06,58.5,degraded
324,15.92,93.8,ok
325,8.85,51.4,ok
326,14.98,67.8,ok
327,10.03,63.9,ok
328,6.53,67.5,ok
329,8.4,73.0,ok
330,57.86,38.0,ok
331,7.22,48.1,ok
332,14.03,83.3,degraded
333,20.99,42.1,ok
334,11.15,52.1,ok
335,22.47,63.6,degraded
336,10.45,70.5,degraded
337,15.03,55.1,ok
338,24.83,77.3,ok
339,13.27,56.8,ok
340,9.79,49.0,ok
341,20.97,64.6,ok
342,27.17,86.5,ok
343,19.75,56.2,ok
344,7.8,49.8,ok
345,17.92,48.0,ok
346,9.93,36.9,ok
347,17.99,63.1,ok
348,7.6,73.0,ok
349,14.56,55.3,ok
350,13.39,58.9,ok
351,8.07,56.2,ok
352,9.46,47.4,ok
353,16.89,42.4,ok
354,11.83,67.6,ok
355,11.8,47.9,ok
356,11.97,49.5,ok
357,41.25,75.6,ok
358,11.43,62.3,ok
359,15.59,59.8,ok
360,13.25,64.4,ok
361,15.28,70.7,ok
362,14.01,71.8,ok
363,27.07,56.9,ok
364,10.13,66.3,ok
365,17.94,47.6,ok
366,12.41,36.1,ok
367,16.21,59.4,ok
368,10.34,32.4,ok
369,34.22,51.5,ok
370,8.51,68.9,ok
371,20.76,40.4,ok
372,12.24,57.1,ok
373,10.2,54.3,ok
374,14.24,40.7,ok
375,7.02,68.0,ok
376,12.78,52.7,ok
377,10.97,79.8,ok
378,16.18,39.9,ok
379,10.82,59.4,ok
380,23.57,62.4,ok
381,5.08,92.8,ok
382,10.61,56.5,ok
383,13.51,63.7,ok
384,13.43,55.7,ok
385,10.36,60.0,ok
386,16.17,51.3,ok
387,11.43,49.6,ok
388,18.95,69.5,ok
389,10.2,67.0,ok
390,21.13,68.5,ok
391,20.94,38.9,ok
392,8.1,60.9,ok
393,7.38,58.6,ok
394,9.46,59.9,ok
395,6.91,35.7,ok
396,14.57,55.4,ok
397,13.92,73.0,ok
398,15.71,55.8,ok
399,15.68,42.1,degraded
400,6.22,70.2,ok
401,9.77,55.6,ok
402,19.34,48.7,degraded
403,12.28,65.7,ok
404,7.97,47.7,ok
405,8.8,74.7,ok
406,21.63,59.1,ok
407,18.39,79.3,ok
408,14.08,61.2,ok
409,18.66,53.9,ok
410,11.19,47.5,ok
411,14.15,57.3,ok
412,11.44,68.9,ok
413,16.57,64.2,ok
414,17.41,55.0,ok
415,16.61,63.4,ok
416,13.75,54.3,ok
417,26.06,59.4,ok
418,11.14,70.7,ok
419,11.05,35.0,ok
420,12.43,61.1,degraded
421,22.18,71.1,ok
422,14.12,49.7,ok
423,13.16,77.5,ok
424,14.88,60.2,ok
425,17.37,49.4,ok
426,18.52,45.9,ok
427,42.01,74.9,ok
428,13.32,45.2,ok
429,12.14,67.4,ok
430,10.74,63.7,ok
431,5.13,51.0,ok
432,13.47,45.9,ok
433,17.09,51.1,ok
434,5.83,59.9,ok
435,7.91,41.8,ok
436,33.23,77.7,ok
437,9.01,50.0,ok
438,23.81,51.0,ok
439,15.86,52.8,ok
440,10.41,67.3,ok
441,11.16,82.2,ok
442,11.12,58.1,ok
443,19.19,57.8,ok
444,17.65,65.5,ok
445,17.35,50.5,ok
446,6.53,77.0,ok
447,9.12,74.8,ok
448,7.32,68.6,degraded
449,19.21,66.8,ok
450,9.3,67.7,ok
451,4.96,51.3,ok
452,6.74,70.5,ok
453,12.62,70.0,ok
454,20.02,52.9,ok
455,16.57,71.0,ok
456,31.03,49.8,ok
457,14.99,63.2,ok
458,20.95,58.8,ok
459,19.59,51.3,ok
460,8.31,57.7,ok
461,6.41,42.6,ok
462,5.6,61.5,ok
463,14.55,61.2,ok
464,22.49,54.4,ok
465,8.01,62.5,ok
466,12.5,71.0,ok
467,24.1,57.0,degraded
468,15.84,70.0,ok
469,15.08,28.3,ok
470,30.61,64.0,ok
471,22.79,80.9,ok
472,10.64,62.3,ok
473,8.68,49.4,ok
474,19.3,58.3,ok
475,19.28,39.0,ok
476,12.64,50.5,ok
477,15.12,65.4,ok
478,13.24,68.3,ok
479,23.69,51.4,ok
480,66.07,57.1,ok
481,15.9,54.6,ok
482,15.02,50.1,ok
483,37.02,70.6,ok
484,30.18,77.8,ok
485,15.92,71.4,ok
486,17.12,37.5,ok
487,23.65,73.4,degraded
488,10.48,27.5,ok
489,10.98,60.0,ok
490,17.38,48.4,ok
491,14.47,55.8,ok
492,22.83,44.4,ok
493,13.0,51.6,ok
494,8.9,31.5,ok
495,23.33,50.6,ok
496,24.75,65.7,ok
497,19.63,44.7,ok
498,6.58,56.1,ok
499,19.64,79.0,ok
500,22.19,43.2,ok
501,12.96,45.9,ok
502,11.0,33.4,ok
503,21.11,54.4,ok
504,8.92,34.0,ok
505,14.12,61.5,ok
506,9.0,59.5,ok
507,6.91,86.3,ok
508,9.84,77.8,ok
509,14.04,36.0,ok
510,13.04,62.3,ok
511,15.51,68.7,ok
512,9.98,54.2,ok
513,48.48,54.0,ok
514,18.49,43.8,degraded
515,11.29,57.4,ok
516,14.53,54.1,ok
517,26.94,68.1,ok
518,22.61,59.3,ok
519,13.37,60.3,ok
520,12.38,64.1,ok
521,15.17,65.5,ok
522,15.46,43.6,ok
523,6.87,57.6,ok
524,6.44,63.6,ok
525,13.92,60.4,ok
526,6.82,59.9,ok
527,14.49,53.0,ok
528,12.95,60.6,ok
529,14.43,63.5,degraded
530,9.42,53.6,ok
531,22.28,76.6,ok
532,9.0,58.9,ok
533,15.48,58.6,degraded
534,23.28,48.4,degraded
535,5.08,54.5,ok
536,25.44,54.6,ok
537,15.62,48.5,ok
538,12.42,58.7,ok
539,13.55,56.1,ok
540,14.01,48.2,ok
541,21.44,58.8,ok
542,28.0,69.7,ok
543,20.63,58.4,ok
544,7.23,40.7,ok
545,30.53,43.9,ok
546,16.49,64.6,ok
547,13.22,58.2,ok
548,11.25,64.6,ok
549,24.56,47.2,ok
550,15.9,73.9,ok
551,19.32,72.4,ok
552,6.46,52.9,ok
553,7.78,68.3,ok
554,11.21,47.4,ok
555,14.58,38.6,ok
556,22.59,40.8,ok
557,12.78,65.9,ok
558,6.61,48.3,ok
559,15.88,67.4,ok
560,14.86,73.6,ok
561,11.26,68.1,ok
562,10.9,81.1,ok
563,10.18,48.9,ok
564,14.21,52.5,ok
565,6.98,34.3,ok
566,9.26,65.2,ok
567,19.32,70.5,ok
568,5.96,59.6,ok
569,222.08,56.6,degraded
570,19.65,69.6,ok
571,25.77,46.8,ok
572,6.92,74.1,degraded
573,27.48,78.5,ok
574,11.62,61.3,ok
575,8.5,63.9,ok
576,31.74,56.1,ok
577,18.64,63.7,ok
578,10.85,77.3,ok
579,20.62,56.0,ok
580,23.03,59.5,ok
581,7.44,72.7,ok
582,15.36,55.7,ok
583,7.56,75.8,ok
584,8.19,37.2,ok
585,9.98,49.3,ok
586,5.67,57.8,ok
587,12.46,58.6,degraded
588,5.42,39.1,ok
589,9.96,50.9,ok
590,17.66,65.7,ok
591,20.85,84.4,ok
592,17.99,72.5,ok
593,16.77,62.4,ok
594,26.09,54.3,ok
595,37.62,48.5,ok
596,17.38,71.9,ok
597,15.32,76.7,ok
598,14.19,70.8,ok
599,10.83,49.3,ok
600,35.88,66.5,ok
601,24.11,75.4,ok
602,6.39,58.2,ok
603,12.02,65.3,degraded
604,10.92,38.4,ok
605,20.58,49.0,ok
606,9.5,58.7,ok
607,19.4,66.1,ok
608,8.51,54.8,ok
609,5.38,34.6,ok
610,7.92,59.7,ok
611,3.92,55.4,ok
612,22.23,54.6,ok
613,18.42,70.3,ok
614,13.99,59.4,ok
615,6.54,79.3,ok
616,13.1,65.2,ok
617,10.39,62.0,degraded
618,26.65,66.1,ok
619,14.23,68.9,ok
620,13.18,50.0,ok
621,31.19,71.9,ok
622,17.63,60.8,ok
623,19.69,53.9,ok
624,9.21,51.2,ok
625,24.2,79.2,ok
626,19.72,71.2,ok
627,5.32,72.3,ok
628,20.52,66.6,ok
629,8.22,56.6,ok
630,10.99,39.2,ok
631,13.89,54.2,ok
632,11.85,78.7,ok
633,12.78,78.9,ok
634,25.36,63.0,ok
635,4.89,60.1,ok
636,16.06,41.7,ok
637,10.67,55.4,ok
638,12.36,74.2,ok
639,24.76,74.1,ok
640,19.05,49.6,ok
641,19.83,56.8,ok
642,6.19,50.5,ok
643,20.14,58.7,degraded
644,9.6,83.0,ok
645,19.22,57.3,ok
646,5.86,59.3,ok
647,10.56,46.8,ok
648,9.17,57.8,ok
649,13.29,65.6,ok
650,30.63,33.1,ok
651,7.78,40.8,ok
652,8.47,32.5,ok
653,21.28,72.1,ok
654,35.34,56.5,degraded
655,21.67,53.7,degraded
656,18.87,61.7,ok
657,11.64,54.0,ok
658,15.81,57.8,ok
659,14.66,55.3,ok
660,40.41,46.2,ok
661,6.79,51.7,ok
662,8.25,43.4,ok
663,24.04,58.9,ok
664,37.08,49.1,ok
665,8.2,70.6,ok
666,14.84,60.3,ok
667,14.35,65.0,ok
668,11.92,59.9,ok
669,17.58,41.3,ok
670,8.27,36.8,ok
671,16.78,77.3,ok
672,10.42,50.5,ok
673,9.47,62.3,ok
674,6.53,69.3,ok
675,18.77,55.9,ok
676,14.41,52.7,ok
677,13.51,44.4,ok
678,12.47,69.4,ok
679,10.58,70.4,ok
680,24.55,64.8,ok
681,18.91,46.0,ok
682,16.6,78.4,ok
683,9.55,61.4,ok
684,13.41,65.2,ok
685,23.15,46.0,ok
686,17.65,67.9,ok
687,23.63,59.0,ok
688,10.6,71.8,ok
689,6.37,71.6,ok
690,18.96,61.2,ok
691,10.74,53.9,ok
692,11.15,36.9,ok
693,33.46,43.2,ok
694,25.27,54.1,ok
695,31.98,54.7,ok
696,15.56,62.7,ok
697,31.44,46.6,ok
698,15.19,67.0,ok
699,20.21,41.4,ok
700,12.42,85.6,ok
701,24.83,72.2,ok
702,9.47,60.4,ok
703,11.08,56.3,ok
704,7.87,36.2,ok
705,6.94,63.0,ok
706,29.4,66.6,ok
707,8.56,87.4,ok
708,16.79,64.4,ok
709,9.93,50.3,ok
710,22.8,56.5,ok
711,9.75,40.4,ok
712,24.43,55.9,ok
713,9.19,74.4,ok
714,23.76,62.3,ok
715,21.06,40.8,ok
716,16.8,45.5,ok
717,9.09,40.6,ok
718,18.64,65.6,ok
719,5.47,63.5,ok
720,10.38,63.2,degraded
721,11.85,63.0,ok
722,31.85,60.4,ok
723,18.35,55.2,ok
724,12.06,66.1,ok
725,9.96,65.3,ok
726,12.41,65.4,ok
727,14.81,55.5,ok
728,8.33,56.0,ok
729,7.01,36.2,ok
730,9.05,49.3,ok
731,9.25,36.0,ok
732,5.95,57.0,ok
733,8.6,64.0,ok
734,11.42,57.3,ok
735,13.83,68.8,ok
736,8.68,54.1,ok
737,11.71,36.7,ok
738,16.31,56.5,ok
739,18.1,53.0,ok
740,13.88,47.1,ok
741,12.92,61.8,ok
742,16.34,44.0,ok
743,23.34,48.6,ok
744,14.67,68.2,ok
745,11.1,71.7,degraded
746,10.07,54.4,ok
747,14.62,79.6,ok
748,12.41,66.4,ok
749,35.02,44.7,ok
750,13.38,77.2,degraded
751,8.44,28.7,ok
752,6.35,63.2,ok
753,43.06,67.5,ok
754,16.57,52.2,ok
755,8.99,58.3,ok
756,9.41,67.1,ok
757,11.77,80.0,ok
758,9.7,55.9,ok
759,10.26,66.5,ok
760,10.01,61.4,ok
761,7.25,45.5,ok
762,21.27,61.5,ok
763,12.86,63.6,ok
764,23.96,36.3,ok
765,9.55,47.3,degraded
766,9.25,71.4,ok
767,6.08,52.0,degraded
768,16.01,68.4,ok
769,18.56,59.7,ok
770,19.01,57.3,ok
771,23.01,43.3,ok
772,187.78,54.1,ok
773,10.44,42.2,ok
774,15.54,70.8,ok
775,13.09,21.5,ok
776,20.55,61.7,ok
777,8.17,47.5,ok
778,24.6,60.7,ok
779,9.92,47.1,ok
780,10.1,35.5,ok
781,42.44,57.9,ok
782,8.9,49.2,ok
783,17.17,69.1,ok
784,13.65,67.8,ok
785,11.73,46.7,ok
786,7.66,44.0,ok
787,11.47,36.1,ok
788,12.46,46.3,ok
789,7.91,57.1,ok
790,12.73,38.9,ok
791,13.37,43.5,ok
792,19.53,50.1,ok
793,22.32,58.1,ok
794,13.96,51.1,ok
795,18.32,57.6,ok
796,9.29,49.6,ok
797,8.66,46.0,ok
798,17.17,53.0,ok
799,27.23,75.4,ok
800,21.9,66.2,ok
801,15.51,32.0,ok
802,16.52,79.8,ok
803,16.19,78.2,ok
804,5.46,60.6,ok
805,12.48,59.2,degraded
806,5.07,60.5,ok
807,17.75,56.1,ok
808,12.84,76.1,ok
809,11.08,62.0,ok
810,12.08,53.9,ok
811,8.39,78.7,ok
812,18.8,46.5,ok
813,11.24,62.9,ok
814,144.36,55.6,ok
815,13.38,47.9,ok
816,44.22,49.6,ok
817,6.21,58.0,ok
818,20.47,80.8,ok
819,4.78,43.4,degraded
820,22.85,49.7,ok
821,22.65,38.0,ok
822,10.03,62.8,ok
823,12.06,60.3,ok
824,10.25,56.0,ok
825,9.93,65.2,ok
826,11.52,56.5,ok
827,14.38,61.3,degraded
828,16.32,77.5,ok
829,26.05,64.7,ok
830,30.27,45.3,ok
831,4.17,43.7,ok
832,10.8,70.3,ok
833,17.36,76.5,ok
834,22.45,39.4,ok
835,11.23,45.8,ok
836,10.12,58.1,ok
837,10.49,46.3,degraded
838,10.07,47.6,ok
839,15.13,76.7,ok
840,9.42,46.3,ok
841,21.88,65.2,ok
842,17.66,54.9,ok
843,14.93,44.5,ok
844,14.27,60.4,ok
845,10.37,60.4,ok
846,22.61,55.6,ok
847,24.99,63.6,ok
848,10.93,54.4,ok
849,11.26,49.5,ok
850,21.82,56.2,ok
851,7.19,77.5,ok
852,19.57,54.6,degraded
853,9.27,48.1,ok
854,18.27,33.8,ok
855,18.41,43.0,ok
856,7.52,80.0,ok
857,15.25,39.7,ok
858,21.58,42.6,ok
859,14.08,30.2,degraded
860,18.95,60.3,ok
861,14.14,40.3,ok
862,9.46,66.7,ok
863,11.31,49.1,degraded
864,17.13,55.0,ok
865,13.63,49.6,ok
866,13.97,62.5,ok
867,21.65,51.5,ok
868,18.65,66.6,ok
869,14.73,62.7,ok
870,22.64,56.7,ok
871,19.61,54.2,ok
872,18.59,42.8,ok
873,15.43,49.5,ok
874,8.49,45.6,ok
875,12.56,73.2,ok
876,8.99,53.1,ok
877,7.59,54.0,ok
878,12.81,82.6,ok
879,26.03,31.6,ok
880,23.85,46.3,ok
881,6.72,58.4,ok
882,17.46,55.3,ok
883,11.94,57.9,ok
884,14.34,61.2,ok
885,12.58,39.4,ok
886,14.6,38.2,ok
887,7.21,64.7,ok
888,5.93,47.5,ok
889,7.36,45.5,ok
890,9.36,60.4,ok
891,17.77,64.2,ok
892,9.04,71.3,ok
893,6.44,70.7,ok
894,8.66,78.6,ok
895,11.87,27.3,ok
896,13.14,53.6,ok
897,15.96,46.0,ok
898,24.13,68.7,ok
899,13.75,49.7,ok
900,13.77,45.9,ok
901,11.75,62.8,degraded
902,10.41,73.9,ok
903,4.77,53.7,ok
904,15.13,67.5,ok
905,10.34,50.9,degraded
906,9.33,50.6,degraded
907,20.29,76.5,ok
908,5.9,67.3,ok
909,122.39,68.1,ok
910,177.13,55.0,ok
911,22.01,63.7,ok
912,22.06,32.9,ok
913,12.37,78.5,ok
914,9.21,53.0,ok
915,16.05,58.8,ok
916,10.3,75.3,ok
917,35.27,29.5,ok
918,15.29,41.0,ok
919,6.97,65.6,ok
920,23.25,66.1,ok
921,28.9,49.8,ok
922,20.57,49.2,ok
923,6.73,65.2,ok
924,19.56,32.7,ok
925,19.19,40.7,ok
926,5.16,56.5,ok
927,17.53,66.7,ok
928,50.89,42.0,ok
929,7.88,53.0,ok
930,15.81,56.8,ok
931,18.03,53.7,ok
932,19.69,72.1,ok
933,13.09,68.5,ok
934,14.31,54.5,degraded
935,11.02,52.9,ok
936,8.85,58.3,degraded
937,8.59,71.4,ok
938,19.93,42.3,ok
939,12.09,60.6,ok
940,22.35,61.3,ok
941,14.65,54.2,ok
942,8.7,63.1,ok
943,26.97,67.0,ok
944,13.69,40.4,ok
945,5.34,67.7,ok
946,16.4,60.0,ok
947,14.73,38.9,ok
948,9.77,57.0,ok
949,22.51,68.4,ok
950,8.34,84.6,degraded
951,12.85,49.9,ok
952,5.15,69.4,ok
953,7.2,66.0,ok
954,8.62,57.9,ok
955,14.27,44.4,ok
956,12.57,48.7,ok
957,14.11,37.6,ok
958,17.31,56.6,ok
959,13.99,78.9,ok
960,10.28,48.4,ok
961,23.81,74.6,ok
962,35.25,51.0,degraded
963,10.14,41.2,ok
964,18.66,46.0,ok
965,15.16,38.8,ok
966,16.19,62.7,ok
967,11.37,59.0,ok
968,12.4,36.7,ok
969,5.4,71.4,ok
970,13.87,76.9,degraded
971,8.34,50.6,ok
972,13.13,40.4,ok
973,14.22,48.5,ok
974,18.2,80.7,ok
975,15.79,50.7,ok
976,15.01,52.1,ok
977,6.67,54.6,ok
978,7.71,46.7,ok
979,11.61,45.4,ok
980,38.7,71.6,ok
981,11.76,48.3,ok
982,26.82,51.2,ok
983,24.2,59.0,ok
984,15.36,72.3,ok
985,15.05,66.5,ok
986,12.12,74.1,ok
987,10.68,49.6,ok
988,6.62,30.5,ok
989,10.41,73.1,ok
990,9.8,46.9,ok
991,5.93,38.1,ok
992,16.31,32.8,ok
993,8.42,71.6,ok
994,13.96,72.9,ok
995,16.61,54.8,ok
996,14.91,64.9,ok
997,10.1,45.9,ok
998,12.64,76.3,degraded
999,19.85,73.4,ok
1000,5.05,61.1,degraded
1001,21.67,42.3,ok
1002,12.2,71.0,ok
1003,27.35,61.8,ok
1004,9.67,66.1,ok
1005,7.53,52.8,ok
1006,28.04,63.0,ok
1007,11.02,57.3,ok
1008,6.14,68.1,ok
1009,10.37,54.5,ok
1010,19.03,42.8,ok
1011,4.95,62.0,ok
1012,19.96,63.9,ok
1013,8.7,44.6,ok
1014,17.33,49.8,ok
1015,20.87,78.2,degraded
1016,11.55,36.7,ok
1017,3.72,46.3,ok
1018,15.6,66.4,ok
1019,12.27,66.6,ok
1020,6.78,55.2,ok
1021,23.38,56.5,ok
1022,11.96,56.8,ok
1023,19.97,62.4,ok
1024,11.66,56.1,ok
1025,13.32,56.2,ok
1026,36.31,81.9,ok
1027,6.96,63.6,degraded
1028,3.86,59.8,ok
1029,12.31,54.3,ok
1030,16.84,38.0,ok
1031,12.14,58.3,ok
1032,14.45,39.9,ok
1033,20.3,47.0,ok
1034,21.76,56.7,degraded
1035,7.4,60.7,ok
1036,8.64,81.5,ok
1037,7.57,65.9,ok
1038,11.55,64.5,ok
1039,11.02,66.1,ok
1040,16.85,41.1,ok
1041,12.16,28.5,ok
1042,13.11,57.4,ok
1043,4.97,46.0,ok
1044,10.47,53.6,ok
1045,15.35,53.6,ok
1046,12.09,43.5,ok
1047,15.38,68.7,ok
1048,10.38,45.6,ok
1049,17.1,66.1,ok
1050,8.69,42.9,ok
1051,25.52,57.7,ok
1052,18.09,82.3,ok
1053,17.45,26.5,ok
1054,9.33,76.4,ok
1055,13.29,63.2,ok
1056,26.4,91.0,ok
1057,25.74,65.3,ok
1058,11.34,67.9,ok
1059,18.33,46.8,ok
1060,9.15,49.1,ok
1061,18.53,55.9,ok
1062,18.24,64.2,ok
1063,17.21,79.1,ok
1064,7.61,56.0,ok
1065,11.63,54.4,ok
1066,9.43,64.9,ok
1067,16.19,66.3,ok
1068,9.76,46.9,ok
1069,14.4,48.9,ok
1070,17.7,51.4,ok
1071,11.45,64.8,ok
1072,9.23,50.1,ok
1073,26.49,61.1,ok
1074,7.42,48.4,ok
1075,6.67,64.1,ok
1076,14.43,62.8,ok
1077,13.34,78.1,ok
1078,11.61,78.9,ok
1079,18.2,52.2,ok
1080,5.96,73.8,ok
1081,18.26,38.7,ok
1082,8.5,72.4,ok
1083,13.75,66.6,ok
1084,16.22,45.6,ok
1085,12.22,49.9,ok
1086,10.6,66.6,ok
1087,10.18,69.1,ok
1088,31.83,59.3,ok
1089,8.59,68.9,ok
1090,13.87,55.5,ok
1091,9.73,55.8,ok
1092,10.6,63.7,ok
1093,24.83,63.7,ok
1094,8.91,48.7,ok
1095,17.63,71.1,ok
1096,9.91,67.7,ok
1097,18.75,64.6,ok
1098,9.78,60.4,ok
1099,8.9,84.3,ok
1100,6.73,63.0,ok
1101,17.57,80.4,ok
1102,8.22,58.0,ok
1103,14.65,72.5,ok
1104,15.11,67.1,ok
1105,9.76,66.2,ok
1106,8.81,55.7,ok
1107,28.64,55.5,ok
1108,24.36,46.4,ok
1109,11.83,60.3,ok
1110,14.06,29.0,ok
1111,13.56,61.9,ok
1112,10.68,91.8,ok
1113,6.98,43.2,ok
1114,18.73,63.3,ok
1115,8.0,61.5,ok
1116,21.98,45.8,ok
1117,9.96,49.8,ok
1118,9.54,43.9,ok
1119,14.44,50.8,ok
1120,12.22,36.9,ok
1121,9.57,61.3,ok
1122,16.94,62.8,ok
1123,17.67,59.3,ok
1124,4.74,66.6,ok
1125,15.57,57.3,ok
1126,15.95,53.7,ok
1127,15.48,54.6,ok
1128,15.57,66.9,ok
1129,3.26,75.6,ok
1130,15.56,71.8,degraded
1131,24.48,40.3,ok
1132,10.35,68.0,ok
1133,26.64,81.6,ok
1134,30.35,61.2,ok
1135,12.72,66.1,ok
1136,17.28,68.8,ok
1137,11.18,51.9,ok
1138,10.1,68.7,ok
1139,16.17,61.9,ok
1140,5.91,52.0,degraded
1141,14.25,66.7,ok
1142,23.34,65.2,ok
1143,10.87,56.4,ok
1144,105.27,55.3,ok
1145,45.7,66.6,ok
1146,11.14,56.0,degraded
1147,14.88,55.7,ok
1148,21.47,69.6,ok
1149,17.85,47.7,ok
1150,14.86,75.8,ok
1151,15.51,48.2,ok
1152,23.3,34.2,ok
1153,8.64,52.4,ok
1154,11.35,73.1,ok
1155,24.91,77.3,ok
1156,7.56,47.1,ok
1157,8.6,45.0,ok
1158,17.85,61.6,ok
1159,14.48,67.5,ok
1160,6.59,64.5,ok
1161,10.43,42.3,ok
1162,11.68,77.6,ok
1163,9.02,72.3,ok
1164,11.45,73.9,ok
1165,20.93,50.7,ok
1166,12.67,58.3,degraded
1167,16.75,45.3,ok
1168,11.15,41.6,ok
1169,8.16,45.7,ok
1170,6.31,55.8,ok
1171,11.5,54.0,ok
1172,10.93,58.9,ok
1173,16.16,68.6,ok
1174,26.59,59.9,ok
1175,14.46,57.9,ok
1176,10.8,58.9,ok
1177,12.76,45.4,ok
1178,13.81,57.0,ok
1179,12.97,34.0,ok
1180,13.89,44.0,ok
1181,17.62,66.3,ok
1182,11.88,53.5,ok
1183,6.16,70.8,ok
1184,6.66,71.3,ok
1185,32.37,48.5,ok
1186,13.9,52.9,ok
1187,13.76,48.7,ok
1188,7.62,49.2,ok
1189,10.98,43.3,ok
1190,10.04,80.9,ok
1191,8.41,54.7,ok
1192,27.67,66.5,ok
1193,11.89,50.1,ok
1194,10.78,63.9,ok
1195,17.03,55.0,ok
1196,8.02,68.5,ok
1197,8.19,73.7,ok
1198,9.32,56.7,ok
1199,34.5,46.0,ok
1200,5.15,43.7,ok
1201,12.98,64.6,ok
1202,12.63,49.8,degraded
1203,10.11,39.6,ok
1204,9.34,57.6,ok
1205,39.9,49.8,ok
1206,13.56,41.7,ok
1207,12.93,58.0,ok
1208,13.64,67.8,ok
1209,29.67,80.5,ok
1210,14.27,70.3,ok
1211,11.84,56.8,degraded
1212,13.24,34.2,ok
1213,11.04,49.6,ok
1214,12.5,61.6,ok
1215,30.14,54.3,ok
1216,9.54,54.9,ok
1217,20.26,57.6,ok
1218,19.03,51.8,ok
1219,14.5,59.7,ok
1220,31.4,52.6,ok
1221,16.04,57.7,ok
1222,22.85,53.9,degraded
1223,9.01,64.1,ok
1224,10.37,55.3,ok
1225,9.16,51.4,ok
1226,11.82,60.2,ok
1227,29.2,39.1,ok
1228,11.23,68.0,ok
1229,8.51,50.6,ok
1230,11.79,87.5,ok
1231,12.31,66.3,ok
1232,13.99,57.0,ok
1233,11.71,66.6,ok
1234,14.92,51.8,ok
1235,26.78,60.8,ok
1236,16.41,41.3,ok
1237,13.05,43.8,ok
1238,24.05,60.8,ok
1239,54.53,61.1,ok
1240,10.47,44.3,ok
1241,37.99,72.8,ok
1242,12.6,28.1,degraded
1243,14.37,55.6,ok
1244,9.19,57.1,ok
1245,10.01,45.3,ok
1246,9.49,65.3,ok
1247,12.7,74.7,ok
1248,12.13,84.3,ok
1249,28.92,64.0,ok
1250,14.4,67.9,ok
1251,17.4,67.1,ok
1252,31.01,53.7,ok
1253,42.69,69.2,ok
1254,12.74,59.1,ok
1255,10.91,68.0,ok
1256,24.48,46.5,ok
1257,15.95,77.1,ok
1258,21.46,56.5,ok
1259,6.33,54.8,ok
1260,10.1,51.7,ok
1261,15.35,75.8,ok
1262,26.28,56.7,ok
1263,6.17,36.9,ok
1264,20.3,52.9,ok
1265,20.23,54.3,ok
1266,14.47,50.1,ok
1267,11.95,41.3,ok
1268,13.2,54.4,ok
1269,15.77,54.8,ok
1270,31.42,83.7,ok
1271,17.48,60.4,ok
1272,9.88,59.2,ok
1273,13.81,49.3,ok
1274,21.39,76.6,ok
1275,18.83,56.7,ok
1276,14.52,59.8,ok
1277,9.62,44.0,ok
1278,13.17,66.4,ok
1279,7.44,79.6,ok
1280,8.2,65.7,ok
1281,21.75,60.5,ok
1282,18.61,52.8,ok
1283,6.7,40.5,degraded
1284,25.94,68.3,ok
1285,8.37,50.5,ok
1286,15.25,69.1,degraded
1287,18.75,69.1,ok
1288,13.69,60.0,degraded
1289,10.55,56.0,ok
1290,9.97,85.6,ok
1291,18.25,47.6,ok
1292,29.23,54.5,ok
1293,14.79,62.1,ok
1294,17.89,55.2,degraded
1295,19.28,51.5,ok
1296,6.52,61.4,degraded
1297,24.97,72.1,ok
1298,14.46,37.9,ok
1299,15.94,35.7,ok
1300,16.33,56.0,ok
1301,26.48,63.9,ok
1302,12.27,64.7,ok
1303,127.29,74.4,ok
1304,9.42,79.7,ok
1305,12.21,46.8,ok
1306,7.69,76.3,ok
1307,12.79,61.3,ok
1308,11.26,62.9,ok
1309,19.16,46.1,ok
1310,24.14,59.7,ok
1311,16.92,56.2,ok
1312,13.48,57.9,degraded
1313,8.54,47.0,ok
1314,24.7,87.0,ok
1315,15.45,61.7,ok
1316,24.99,74.0,ok
1317,24.69,44.8,ok
1318,22.34,59.5,ok
1319,11.75,68.3,ok
1320,13.7,64.9,degraded
1321,13.59,61.6,ok
1322,30.07,60.6,ok
1323,16.92,55.5,ok
1324,17.3,68.2,ok
1325,9.24,72.1,ok
1326,11.38,81.0,ok
1327,17.2,58.8,ok
1328,9.48,48.7,ok
1329,13.29,52.0,ok
1330,13.95,50.4,ok
1331,32.68,66.0,degraded
1332,5.02,60.0,ok
1333,12.24,41.6,ok
1334,19.64,40.9,ok
1335,9.11,57.4,ok
1336,11.41,76.3,ok
1337,43.06,60.7,ok
1338,11.64,67.3,ok
1339,12.76,72.2,ok
1340,18.88,66.0,ok
1341,15.14,58.8,ok
1342,10.4,52.8,degraded
1343,18.24,73.4,ok
1344,6.93,50.4,ok
1345,21.78,63.8,ok
1346,8.14,46.1,ok
1347,33.44,44.6,ok
1348,20.33,67.5,ok
1349,18.25,64.7,degraded
1350,11.15,51.4,ok
1351,15.53,54.3,ok
1352,15.99,62.4,ok
1353,20.4,65.5,ok
1354,12.44,49.6,ok
1355,42.59,72.2,ok
1356,18.93,59.7,degraded
1357,26.1,30.0,ok
1358,10.16,30.6,ok
1359,11.38,65.4,ok
1360,8.81,47.5,ok
1361,16.55,50.8,ok
1362,18.08,63.7,ok
1363,5.45,85.2,ok
1364,14.58,47.0,ok
1365,18.28,48.8,ok
1366,23.13,62.2,ok
1367,10.36,38.7,ok
1368,15.41,59.0,ok
1369,10.04,72.3,ok
1370,7.49,66.6,ok
1371,14.5,48.8,ok
1372,12.79,70.2,degraded
1373,68.78,67.8,ok
1374,19.81,54.1,ok
1375,14.14,54.5,ok
1376,13.2,67.6,ok
1377,9.9,57.9,ok
1378,9.3,56.5,ok
1379,9.51,58.6,ok
1380,14.61,60.3,ok
1381,7.5,63.5,ok
1382,13.23,41.1,ok
1383,12.68,56.0,ok
1384,27.16,71.8,ok
1385,6.32,50.6,ok
1386,7.02,57.2,ok
1387,30.12,83.9,ok
1388,10.55,59.6,ok
1389,10.32,42.4,ok
1390,7.87,40.7,ok
1391,9.05,53.1,ok
1392,6.67,41.4,ok
1393,36.15,53.6,ok
1394,21.16,54.7,ok
1395,12.82,36.1,degraded
1396,13.2,47.7,ok
1397,13.47,47.6,ok
1398,9.47,32.6,ok
1399,10.52,79.7,ok
1400,12.24,42.7,ok
1401,12.99,55.7,degraded
1402,11.76,51.0,ok
1403,13.01,58.5,degraded
1404,15.0,66.3,ok
1405,13.63,65.5,ok
1406,6.62,52.2,ok
1407,9.05,61.4,ok
1408,13.96,76.0,ok
1409,29.7,69.9,ok
1410,17.39,52.4,ok
1411,39.95,54.4,ok
1412,7.06,70.5,ok
1413,7.95,65.7,ok
1414,5.45,54.8,ok
1415,12.87,57.7,degraded
1416,13.49,48.0,ok
1417,34.47,56.2,ok
1418,15.29,45.1,ok
1419,15.01,50.8,ok
1420,14.59,54.5,ok
1421,26.62,53.0,ok
1422,9.38,65.9,ok
1423,8.05,78.0,ok
1424,16.81,48.7,degraded
1425,13.0,42.9,ok
1426,17.61,58.2,ok
1427,9.54,65.1,ok
1428,14.56,49.6,ok
1429,8.03,42.4,degraded
1430,17.28,45.6,ok
1431,16.66,44.0,ok
1432,9.26,36.5,ok
1433,21.8,52.0,ok
1434,32.29,57.4,ok
1435,9.35,37.8,ok
1436,12.53,76.3,ok
1437,19.18,59.5,ok
1438,8.85,50.4,ok
1439,11.09,52.4,ok
1440,10.99,62.4,ok
1441,18.93,65.0,ok
1442,13.29,58.4,ok
1443,18.49,62.9,degraded
1444,26.63,59.5,ok
1445,17.36,48.9,ok
1446,37.28,69.7,ok
1447,26.69,40.9,ok
1448,18.04,49.5,ok
1449,13.23,46.1,ok
1450,7.25,83.4,ok
1451,17.7,69.7,ok
1452,23.89,59.2,degraded
1453,8.13,57.8,ok
1454,18.13,53.0,ok
1455,12.22,50.8,ok
1456,7.95,53.5,ok
1457,8.87,42.9,ok
1458,3.88,63.1,ok
1459,9.89,59.9,ok
1460,6.71,34.4,ok
1461,6.21,49.0,ok
1462,14.03,54.1,ok
1463,20.77,46.4,ok
1464,7.99,78.9,ok
1465,8.0,56.1,ok
1466,30.83,58.6,ok
1467,8.55,42.6,ok
1468,4.71,50.2,ok
1469,18.23,52.8,ok
1470,11.38,57.9,ok
1471,24.79,72.1,ok
1472,16.04,61.4,ok
1473,9.55,55.8,ok
1474,13.96,72.6,ok
1475,9.18,50.9,ok
1476,26.52,67.6,ok
1477,9.06,67.9,ok
1478,17.67,50.2,ok
1479,4.3,58.0,ok
1480,11.69,54.0,ok
1481,14.71,60.1,degraded
1482,7.34,59.7,ok
1483,30.24,68.5,ok
1484,6.26,53.7,ok
1485,22.98,60.3,ok
1486,20.72,41.5,ok
1487,22.78,34.6,ok
1488,12.81,71.3,ok
1489,6.79,45.3,ok
1490,7.12,61.2,ok
1491,8.26,65.5,ok
1492,21.89,78.4,degraded
1493,15.21,77.2,ok
1494,23.34,66.9,ok
1495,5.43,55.5,degraded
1496,11.68,86.4,ok
1497,19.68,40.7,ok
1498,7.47,56.0,ok
1499,12.74,52.4,ok
1500,10.84,51.7,ok
1501,9.25,80.8,ok
1502,16.51,53.6,ok
1503,8.22,51.7,ok
1504,18.18,73.4,ok
1505,13.75,76.8,ok
1506,12.19,62.3,ok
1507,11.04,58.8,ok
1508,8.94,50.6,ok
1509,17.9,62.0,ok
1510,12.33,48.2,ok
1511,11.57,56.1,degraded
1512,12.43,55.1,ok
1513,34.69,44.2,ok
1514,31.4,66.3,ok
1515,22.29,40.8,degraded
1516,12.16,67.2,ok
1517,27.69,59.3,ok
1518,18.23,57.0,ok
1519,12.09,79.8,ok
1520,7.99,73.5,ok
1521,21.75,65.4,ok
1522,10.91,57.2,ok
1523,8.47,92.4,ok
1524,9.47,72.6,ok
1525,10.29,61.1,ok
1526,11.53,67.9,ok
1527,9.46,69.1,ok
1528,5.65,49.6,ok
1529,9.1,58.7,ok
1530,36.77,85.8,ok
1531,17.28,51.2,ok
1532,6.18,52.3,ok
1533,24.11,88.7,ok
1534,10.19,62.2,ok
1535,18.32,70.3,ok
1536,9.31,62.1,ok
1537,27.51,64.4,ok
1538,13.97,49.9,ok
1539,11.18,68.4,ok
1540,34.42,87.6,ok
1541,12.34,60.6,ok
1542,19.91,52.3,ok
1543,11.33,70.1,ok
1544,19.26,38.5,ok
1545,9.41,65.6,ok
1546,6.35,72.9,ok
1547,28.41,69.5,ok
1548,11.87,55.3,ok
1549,10.19,26.4,degraded
1550,11.87,51.9,ok
1551,7.08,55.3,ok
1552,22.47,57.9,ok
1553,6.28,68.3,ok
1554,20.99,73.3,ok
1555,11.43,79.4,ok
1556,14.89,53.9,ok
1557,21.62,57.3,ok
1558,11.6,55.2,ok
1559,6.44,42.8,ok
1560,8.77,55.8,ok
1561,20.74,58.7,degraded
1562,10.37,64.1,ok
1563,9.47,68.6,ok
1564,19.09,65.6,ok
1565,10.35,58.3,ok
1566,26.67,45.4,ok
1567,10.53,46.0,ok
1568,10.49,64.8,degraded
1569,17.63,24.8,ok
1570,7.99,71.8,ok
1571,18.65,60.2,ok
1572,179.31,48.5,ok
1573,12.71,50.7,ok
1574,12.26,54.3,ok
1575,14.37,71.2,ok
1576,18.16,58.6,ok
1577,23.98,50.3,ok
1578,16.03,59.1,ok
1579,10.08,72.9,ok
1580,70.28,50.9,ok
1581,22.63,68.7,ok
1582,20.06,71.4,ok
1583,9.66,50.8,ok
1584,14.16,48.3,ok
1585,16.1,64.7,ok
1586,15.77,40.3,ok
1587,9.3,50.8,ok
1588,13.85,42.9,ok
1589,15.16,46.8,degraded
1590,32.34,61.7,ok
1591,17.05,55.4,ok
1592,24.91,38.9,ok
1593,24.87,59.0,degraded
1594,16.41,71.4,ok
1595,16.77,53.2,ok
1596,16.4,51.2,ok
1597,18.52,53.0,ok
1598,25.74,40.5,ok
1599,10.28,40.6,ok
1600,10.36,46.0,ok
1601,23.09,49.3,ok
1602,9.92,58.4,ok
1603,13.02,42.4,ok
1604,13.16,59.4,ok
1605,8.83,79.8,ok
1606,16.99,59.7,ok
1607,9.12,54.0,degraded
1608,13.96,72.3,ok
1609,14.04,38.0,degraded
1610,14.37,35.0,ok
1611,28.16,78.4,ok
1612,11.55,46.8,ok
1613,14.88,40.2,ok
1614,10.87,63.4,ok
1615,18.26,50.1,ok
1616,13.91,57.3,ok
1617,14.3,79.8,ok
1618,8.87,50.7,ok
1619,14.97,55.1,ok
1620,14.3,53.8,ok
1621,13.61,51.8,ok
1622,14.01,71.8,ok
1623,16.15,62.7,ok
1624,8.16,67.5,ok
1625,52.22,57.5,ok
1626,16.96,50.0,ok
1627,7.45,57.0,ok
1628,59.84,53.9,ok
1629,7.16,49.4,ok
1630,10.85,79.4,ok
1631,46.06,64.1,degraded
1632,12.84,59.9,ok
1633,20.18,45.3,ok
1634,18.24,53.6,ok
1635,12.31,42.3,ok
1636,18.07,64.1,ok
1637,11.33,73.6,ok
1638,12.5,65.9,ok
1639,15.87,63.5,ok
1640,17.86,46.6,degraded
1641,12.67,54.0,ok
1642,9.72,45.3,ok
1643,19.65,75.8,ok
1644,8.62,58.2,ok
1645,16.0,68.0,ok
1646,14.06,42.2,ok
1647,11.84,48.7,ok
1648,25.96,55.5,ok
1649,26.77,57.0,ok
1650,18.19,74.8,ok
1651,22.57,58.7,ok
1652,27.26,64.3,degraded
1653,8.58,51.1,ok
1654,44.24,58.5,ok
1655,7.08,41.7,ok
1656,19.39,59.1,ok
1657,5.67,43.3,ok
1658,52.39,42.3,degraded
1659,15.41,64.6,ok
1660,11.11,64.4,ok
1661,11.66,76.0,ok
1662,25.07,55.9,ok
1663,12.87,81.9,ok
1664,18.54,71.0,ok
1665,55.56,72.1,ok
1666,11.02,44.7,ok
1667,10.47,69.7,ok
1668,19.06,55.6,ok
1669,11.49,45.7,ok
1670,12.99,59.1,ok
1671,9.06,38.7,ok
1672,9.01,68.3,ok
1673,15.57,62.1,ok
1674,11.84,72.3,degraded
1675,18.96,68.6,ok
1676,15.4,58.3,ok
1677,16.94,60.4,ok
1678,15.25,41.9,ok
1679,8.98,50.5,ok
1680,9.31,79.3,ok
1681,30.48,32.5,ok
1682,16.08,42.6,ok
1683,15.24,67.3,ok
1684,6.5,66.9,ok
1685,12.79,70.1,ok
1686,18.87,62.0,ok
1687,8.59,66.6,ok
1688,10.57,69.2,ok
1689,9.34,56.8,ok
1690,15.26,71.0,ok
1691,22.7,39.4,ok
1692,12.33,42.4,ok
1693,3.1,72.6,degraded
1694,16.91,31.8,ok
1695,14.56,46.8,ok
1696,13.22,56.7,degraded
1697,18.52,63.7,ok
1698,9.27,40.0,ok
1699,14.86,74.1,ok
1700,12.32,40.3,ok
1701,13.79,62.2,degraded
1702,19.74,53.9,ok
1703,19.7,50.6,ok
1704,13.45,58.8,ok
1705,16.12,41.4,ok
1706,11.9,59.3,ok
1707,14.97,52.6,ok
1708,8.43,63.3,ok
1709,13.92,55.8,ok
1710,16.73,47.8,ok
1711,2.33,57.2,ok
1712,16.79,73.6,ok
1713,25.91,69.1,degraded
1714,35.25,63.0,ok
1715,13.06,50.1,degraded
1716,16.81,46.4,ok
1717,9.2,65.9,ok
1718,9.4,65.3,ok
1719,29.3,69.5,ok
1720,16.81,82.0,ok
1721,7.53,50.4,ok
1722,10.58,58.2,ok
1723,10.98,49.8,ok
1724,21.3,60.8,ok
1725,12.66,61.0,ok
1726,7.71,54.5,ok
1727,24.19,53.7,ok
1728,7.99,77.5,ok
1729,11.63,64.7,ok
1730,19.0,57.3,ok
1731,13.95,39.9,degraded
1732,14.26,57.4,ok
1733,4.64,50.9,ok
1734,19.64,51.2,ok
1735,17.31,53.1,ok
1736,66.21,60.3,ok
1737,16.98,76.1,ok
1738,11.82,57.9,ok
1739,12.03,81.6,ok
1740,6.73,41.1,ok
1741,7.21,60.9,degraded
1742,12.16,57.3,ok
1743,17.32,42.5,ok
1744,20.67,59.8,ok
1745,15.22,61.2,ok
1746,12.93,63.7,ok
1747,6.16,40.5,degraded
1748,13.36,64.0,ok
1749,12.44,56.8,degraded
1750,8.28,84.9,ok
1751,7.26,40.5,ok
1752,12.52,37.6,ok
1753,17.92,50.4,ok
1754,21.13,54.4,ok
1755,12.23,52.5,ok
1756,10.14,60.4,ok
1757,11.99,62.4,ok
1758,17.91,67.4,ok
1759,17.45,75.1,ok
1760,16.16,48.0,ok
1761,19.87,58.6,degraded
1762,16.53,64.6,ok
1763,12.91,48.4,ok
1764,20.59,46.7,ok
1765,7.1,43.8,ok
1766,21.66,59.0,ok
1767,10.86,32.1,ok
1768,9.76,67.1,ok
1769,10.67,42.1,ok
1770,11.76,23.6,degraded
1771,11.49,57.9,ok
1772,17.04,64.1,ok
1773,5.62,39.1,ok
1774,9.51,57.7,ok
1775,5.93,62.1,ok
1776,3.76,64.0,ok
1777,22.71,74.6,ok
1778,37.94,70.1,ok
1779,17.17,76.8,ok
1780,12.27,73.3,ok
1781,13.54,38.7,ok
1782,7.34,48.6,ok
1783,12.57,63.3,ok
1784,22.12,59.4,ok
1785,9.06,64.4,ok
1786,17.96,71.4,degraded
1787,20.54,60.5,ok
1788,20.3,61.4,ok
1789,18.01,43.4,ok
1790,18.01,36.9,degraded
1791,13.19,76.4,ok
1792,16.55,74.8,ok
1793,20.73,64.2,ok
1794,28.92,47.8,degraded
1795,17.17,73.5,ok
1796,14.65,68.0,ok
1797,13.58,61.0,ok
1798,17.72,67.7,ok
1799,12.42,60.0,ok
1800,14.45,66.0,degraded
1801,7.14,50.2,ok
1802,5.69,63.1,ok
1803,11.24,64.1,ok
1804,9.71,46.6,ok
1805,4.2,52.8,ok
1806,20.94,34.2,ok
1807,8.72,55.7,ok
1808,20.58,47.8,ok
1809,10.97,62.4,ok
1810,18.63,45.6,ok
1811,14.5,56.3,ok
1812,15.53,65.0,ok
1813,18.37,73.3,ok
1814,30.14,44.7,degraded
1815,7.26,71.5,ok
1816,14.17,59.4,ok
1817,5.01,52.6,ok
1818,11.29,75.5,ok
1819,13.17,60.7,ok
1820,5.23,52.3,ok
1821,7.48,52.3,ok
1822,11.68,57.5,ok
1823,13.72,54.1,ok
1824,21.54,66.9,ok
1825,13.44,35.9,ok
1826,27.72,64.1,ok
1827,14.71,41.0,ok
1828,7.01,66.6,ok
1829,11.09,67.1,ok
1830,15.62,77.3,ok
1831,14.51,69.1,ok
1832,15.33,49.1,ok
1833,29.04,78.6,ok
1834,18.45,45.0,ok
1835,12.74,29.1,ok
1836,9.43,46.5,ok
1837,11.13,52.3,ok
1838,17.59,81.6,ok
1839,17.55,82.2,ok
1840,13.62,59.9,ok
1841,19.88,33.5,ok
1842,18.23,52.4,ok
1843,10.42,55.7,ok
1844,22.82,71.4,ok
1845,27.63,79.7,ok
1846,17.59,48.8,ok
1847,23.52,39.6,ok
1848,14.61,48.2,ok
1849,15.04,87.0,ok
1850,18.97,58.4,ok
1851,10.9,80.6,ok
1852,13.41,68.6,ok
1853,12.56,22.5,ok
1854,10.0,20.1,ok
1855,22.42,52.6,ok
1856,17.4,63.2,ok
1857,11.32,57.7,ok
1858,18.46,68.1,ok
1859,52.83,60.4,ok
1860,9.39,64.9,ok
1861,25.24,82.4,ok
1862,10.63,54.5,ok
1863,14.08,64.7,ok
1864,5.55,65.2,ok
1865,15.67,59.3,ok
1866,9.33,64.6,ok
1867,22.15,65.5,ok
1868,9.48,68.1,ok
1869,12.17,47.0,ok
1870,10.92,50.1,ok
1871,7.86,50.2,ok
1872,17.06,72.8,degraded
1873,35.81,57.4,ok
1874,11.36,52.8,ok
1875,16.13,67.6,ok
1876,4.65,58.5,ok
1877,12.35,65.5,ok
1878,9.19,62.3,ok
1879,16.5,73.9,ok
1880,6.13,50.8,ok
1881,12.26,80.7,ok
1882,36.12,62.5,ok
1883,12.09,79.5,ok
1884,20.53,50.1,ok
1885,24.77,52.9,ok
1886,17.61,43.6,ok
1887,10.93,41.2,ok
1888,8.94,62.5,ok
1889,6.45,50.5,ok
1890,14.12,30.2,ok
1891,14.18,51.9,ok
1892,14.1,49.5,ok
1893,5.43,65.5,ok
1894,17.26,55.7,ok
1895,9.57,48.7,ok
1896,7.16,64.0,ok
1897,31.56,56.9,ok
1898,7.03,46.3,ok
1899,13.52,57.3,ok
1900,12.22,58.8,ok
1901,9.68,46.2,ok
1902,9.96,79.7,ok
1903,30.39,60.4,ok
1904,11.28,62.6,ok
1905,15.23,52.9,ok
1906,22.63,61.9,ok
1907,10.21,59.6,ok
1908,15.92,36.5,ok
1909,9.69,48.5,ok
1910,25.91,68.3,ok
1911,7.83,60.0,ok
1912,19.56,44.0,ok
1913,19.44,26.8,ok
1914,7.62,49.7,ok
1915,11.17,54.5,ok
1916,7.54,61.6,ok
1917,16.0,52.9,ok
1918,16.28,59.6,ok
1919,16.29,63.9,ok
1920,7.38,56.4,ok
1921,5.36,65.5,ok
1922,12.68,53.4,ok
1923,21.58,55.3,ok
1924,17.46,38.2,ok
1925,18.16,61.4,ok
1926,13.89,79.2,ok
1927,10.13,57.0,ok
1928,11.99,65.6,ok
1929,5.86,44.8,ok
1930,17.38,37.1,ok
1931,27.42,58.9,ok
1932,30.71,67.7,ok
1933,7.07,47.9,ok
1934,8.9,53.0,ok
1935,18.56,62.9,ok
1936,8.78,55.0,ok
1937,10.47,62.9,ok
1938,12.83,64.3,ok
1939,7.36,41.4,ok
1940,26.5,39.0,ok
1941,18.57,51.0,ok
1942,8.05,46.9,ok
1943,19.9,46.9,ok
1944,8.35,69.2,ok
1945,17.68,56.3,degraded
1946,11.86,70.9,ok
1947,10.2,60.2,ok
1948,11.6,45.0,ok
1949,10.15,46.2,ok
1950,6.86,73.9,ok
1951,11.41,49.6,degraded
1952,28.23,45.1,ok
1953,19.31,67.0,ok
1954,10.57,59.7,ok
1955,8.33,60.0,degraded
1956,18.67,77.3,ok
1957,9.39,57.6,degraded
1958,9.41,62.4,ok
1959,21.83,57.8,ok
1960,17.59,64.6,ok
1961,14.36,44.0,ok
1962,21.39,70.3,ok
1963,7.79,63.6,ok
1964,9.43,56.6,ok
1965,26.39,46.3,ok
1966,8.46,51.4,ok
1967,4.1,50.3,ok
1968,33.89,44.4,ok
1969,9.14,58.0,ok
1970,8.27,68.5,ok
1971,20.3,50.6,ok
1972,8.93,31.6,ok
1973,18.04,68.7,ok
1974,13.91,29.6,ok
1975,13.86,51.7,ok
1976,18.7,66.9,ok
1977,7.27,48.0,ok
1978,6.75,66.3,ok
1979,11.22,50.2,ok
1980,16.7,55.0,ok
1981,10.7,46.1,ok
1982,17.54,40.5,ok
1983,14.46,80.7,ok
1984,12.26,29.9,ok
1985,37.85,62.1,ok
1986,20.69,43.9,ok
1987,14.71,68.1,ok
1988,5.26,58.3,ok
1989,11.47,58.1,ok
1990,18.87,35.8,ok
1991,11.03,70.7,ok
1992,27.21,63.3,ok
1993,27.94,55.6,ok
1994,27.38,62.3,degraded
1995,11.54,67.0,ok
1996,9.18,54.2,ok
1997,10.58,78.6,ok
1998,14.04,55.0,ok
1999,8.54,71.7,ok
2000,21.32,69.1,ok
2001,9.2,64.4,ok
2002,15.35,43.1,ok
2003,15.0,35.2,ok
2004,11.88,80.6,ok
2005,20.74,50.3,ok
2006,19.58,54.6,ok
2007,9.84,52.1,ok
2008,11.65,66.3,ok
2009,9.84,69.0,ok
2010,10.26,40.9,degraded
2011,12.12,45.9,ok
2012,27.73,60.7,ok
2013,6.52,41.9,ok
2014,11.95,62.8,ok
2015,17.54,27.2,ok
2016,12.06,58.5,ok
2017,21.68,68.0,ok
2018,7.89,60.0,ok
2019,6.67,72.2,degraded
2020,7.05,84.6,degraded
2021,16.24,47.7,ok
2022,16.31,85.8,ok
2023,17.7,41.1,ok
2024,20.3,57.7,ok
2025,8.41,62.3,ok
2026,5.23,52.0,ok
2027,24.03,50.6,ok
2028,15.08,52.5,ok
2029,10.93,61.3,ok
2030,27.96,57.7,ok
2031,10.94,54.3,ok
2032,30.3,52.4,ok
2033,9.76,22.1,degraded
2034,13.17,60.4,ok
2035,20.58,39.6,ok
2036,5.67,45.3,ok
2037,10.76,56.2,ok
2038,6.27,41.7,ok
2039,10.28,56.7,ok
2040,17.48,67.2,ok
2041,14.96,61.0,ok
2042,18.91,53.4,ok
2043,27.25,50.4,ok
2044,10.53,62.5,ok
2045,9.23,64.3,ok
2046,16.44,78.2,ok
2047,20.33,64.5,ok
2048,20.02,78.4,ok
2049,13.42,82.5,degraded
2050,16.88,70.1,degraded
2051,15.45,62.0,ok
2052,12.65,48.9,ok
2053,26.02,57.2,ok
2054,9.32,70.2,ok
2055,16.01,71.8,ok
2056,9.98,63.1,ok
2057,19.63,54.5,ok
2058,26.79,47.4,ok
2059,11.28,70.5,ok
2060,25.74,61.0,ok
2061,18.25,62.3,ok
2062,11.49,81.6,ok
2063,15.25,54.3,degraded
2064,24.71,69.3,ok
2065,11.67,49.2,ok
2066,19.73,62.6,ok
2067,11.3,59.1,ok
2068,10.0,50.9,degraded
2069,37.65,83.8,degraded
2070,30.76,65.9,degraded
2071,58.44,68.5,ok
2072,16.73,52.7,ok
2073,11.21,59.0,ok
2074,33.18,73.5,ok
2075,12.46,54.9,ok
2076,7.66,53.7,ok
2077,14.51,37.6,ok
2078,24.28,62.5,ok
2079,31.36,37.5,ok
2080,11.88,55.5,ok
2081,17.74,65.1,ok
2082,16.01,51.2,ok
2083,26.72,53.9,ok
2084,8.3,58.0,ok
2085,15.62,70.9,ok
2086,22.16,42.5,ok
2087,15.63,37.9,ok
2088,8.53,73.4,ok
2089,15.63,55.0,ok
2090,14.75,56.8,degraded
2091,17.04,55.8,ok
2092,7.89,52.9,ok
2093,11.4,55.3,ok
2094,13.21,56.2,ok
2095,11.58,68.1,degraded
2096,20.29,62.3,ok
2097,14.04,65.9,ok
2098,10.27,54.4,ok
2099,17.26,49.2,ok
2100,33.26,53.1,ok
2101,18.31,46.8,ok
2102,14.77,59.1,ok
2103,6.16,44.8,ok
2104,25.14,52.1,ok
2105,18.47,62.5,ok
2106,32.69,64.5,ok
2107,5.76,68.8,ok
2108,8.81,68.9,ok
2109,11.41,48.2,ok
2110,22.93,52.4,ok
2111,12.84,56.4,ok
2112,9.53,70.3,ok
2113,19.64,34.0,ok
2114,16.6,43.3,ok
2115,11.15,62.8,degraded
2116,21.14,60.2,degraded
2117,12.13,47.6,ok
2118,9.16,71.2,ok
2119,23.58,69.6,ok
2120,14.15,55.3,ok
2121,8.42,72.9,ok
2122,13.11,65.2,ok
2123,10.72,43.9,ok
2124,11.47,58.1,ok
2125,26.67,62.3,ok
2126,10.41,60.9,ok
2127,10.22,44.9,ok
2128,19.22,47.8,ok
2129,12.17,71.6,ok
2130,9.44,52.1,ok
2131,15.96,74.6,ok
2132,14.24,66.4,ok
2133,16.07,65.1,ok
2134,11.92,55.6,ok
2135,13.25,57.6,ok
2136,22.94,57.9,ok
2137,8.83,82.1,ok
2138,11.8,73.4,ok
2139,13.39,61.6,ok
2140,16.65,61.5,ok
2141,6.67,52.6,ok
2142,10.35,51.6,ok
2143,5.46,43.6,ok
2144,21.12,54.1,ok
2145,10.82,71.8,ok
2146,14.61,55.3,ok
2147,16.52,45.9,ok
2148,10.79,63.9,ok
2149,8.35,58.7,ok
2150,16.29,61.2,ok
2151,5.87,76.7,ok
2152,8.21,44.0,ok
2153,10.04,51.4,ok
2154,5.51,44.3,ok
2155,7.33,55.7,ok
2156,10.68,50.3,ok
2157,11.31,55.2,ok
2158,18.78,50.1,ok
2159,51.44,65.5,ok
2160,11.66,56.4,ok
2161,9.07,66.9,ok
2162,12.21,64.4,ok
2163,8.45,69.2,ok
2164,24.05,54.9,ok
2165,29.12,53.5,ok
2166,15.98,75.0,ok
2167,9.81,50.6,ok
2168,24.11,50.0,ok
2169,8.7,44.9,ok
2170,17.31,69.5,ok
2171,14.57,48.0,ok
2172,8.25,49.4,ok
2173,7.76,68.6,ok
2174,14.85,45.4,ok
2175,9.89,57.8,ok
2176,13.91,73.7,ok
2177,36.82,69.6,ok
2178,13.0,73.0,ok
2179,10.82,65.8,degraded
2180,4.54,64.2,degraded
2181,19.07,69.3,ok
2182,5.77,55.6,degraded
2183,15.9,54.6,ok
2184,12.23,54.9,ok
2185,21.06,67.4,ok
2186,14.9,47.3,degraded
2187,11.0,39.0,ok
2188,11.3,28.4,ok
2189,19.67,57.9,ok
2190,14.07,53.5,ok
2191,9.59,70.4,ok
2192,8.65,50.8,ok
2193,12.44,61.8,ok
2194,10.12,57.6,ok
2195,10.29,55.8,ok
2196,6.07,73.8,ok
2197,21.11,72.0,ok
2198,13.03,39.5,ok
2199,11.07,84.8,ok
2200,23.6,55.9,ok
2201,12.18,52.6,ok
2202,11.24,70.2,ok
2203,10.17,55.0,ok
2204,4.53,40.9,degraded
2205,16.1,60.6,ok
2206,14.74,55.1,ok
2207,9.21,54.0,ok
2208,27.59,49.0,ok
2209,15.38,69.8,ok
2210,17.98,60.4,ok
2211,19.02,69.0,ok
2212,22.23,54.0,ok
2213,17.26,61.3,ok
2214,14.7,56.1,ok
2215,24.74,44.6,ok
2216,20.48,36.8,ok
2217,14.59,49.8,ok
2218,22.1,62.2,ok
2219,25.47,52.0,ok
2220,6.8,38.0,ok
2221,22.47,55.2,ok
2222,12.09,55.2,degraded
2223,13.08,45.8,ok
2224,16.37,53.6,ok
2225,16.07,51.7,ok
2226,10.98,58.8,ok
2227,14.45,52.2,ok
2228,8.19,67.1,ok
2229,16.7,52.2,ok
2230,11.48,81.7,degraded
2231,14.24,67.8,ok
2232,13.9,43.9,ok
2233,16.39,63.5,ok
2234,14.02,54.6,ok
2235,6.63,69.6,ok
2236,13.65,54.0,ok
2237,5.98,56.4,ok
2238,9.72,80.9,ok
2239,14.49,76.4,ok
2240,45.67,37.2,degraded
2241,12.88,41.8,ok
2242,5.47,45.0,ok
2243,13.31,76.9,ok
2244,6.94,40.2,ok
2245,14.86,52.3,ok
2246,23.79,62.2,ok
2247,9.35,44.2,ok
2248,9.72,56.0,degraded
2249,10.8,67.3,degraded
2250,16.89,53.6,degraded
2251,22.44,40.4,ok
2252,8.37,47.7,ok
2253,16.2,72.1,ok
2254,11.84,62.2,ok
2255,24.39,53.3,ok
2256,10.31,58.6,ok
2257,16.99,62.5,ok
2258,8.05,54.7,ok
2259,29.74,67.4,ok
2260,9.6,58.5,ok
2261,12.86,58.1,ok
2262,17.86,72.0,ok
2263,15.48,51.7,ok
2264,15.82,47.8,ok
2265,13.0,59.8,ok
2266,9.86,63.2,ok
2267,16.7,73.4,ok
2268,11.84,43.9,ok
2269,15.47,26.6,ok
2270,13.13,66.9,ok
2271,6.52,63.3,degraded
2272,9.68,74.1,ok
2273,22.11,47.5,ok
2274,4.97,72.1,ok
2275,23.49,58.0,ok
2276,14.58,30.8,ok
2277,23.24,61.0,ok
2278,31.16,53.2,ok
2279,26.01,46.8,ok
2280,30.21,58.5,ok
2281,13.03,47.6,ok
2282,15.64,41.8,ok
2283,9.56,50.4,ok
2284,5.82,64.0,ok
2285,15.51,50.0,ok
2286,7.01,63.7,ok
2287,14.86,77.7,degraded
2288,11.49,41.1,ok
2289,20.71,75.8,ok
2290,12.83,40.9,ok
2291,18.95,65.9,ok
2292,8.83,74.8,ok
2293,13.87,74.7,ok
2294,30.54,63.2,degraded
2295,6.37,48.5,ok
2296,6.01,40.2,ok
2297,12.42,69.9,ok
2298,17.2,52.8,ok
2299,17.88,54.1,degraded
2300,10.34,68.3,ok
2301,33.4,63.1,ok
2302,10.24,60.8,ok
2303,11.02,70.6,ok
2304,24.79,59.0,ok
2305,6.28,49.5,ok
2306,9.0,47.7,ok
2307,12.76,60.4,ok
2308,10.1,68.6,ok
2309,9.92,49.5,ok
2310,8.05,45.3,ok
2311,14.97,42.8,ok
2312,10.59,68.7,ok
2313,10.24,47.1,ok
2314,11.39,68.0,ok
2315,12.56,33.5,ok
2316,11.88,73.0,ok
2317,11.21,39.6,ok
2318,14.07,51.6,ok
2319,12.29,64.6,ok
2320,12.18,60.7,ok
2321,9.21,59.9,ok
2322,18.81,85.7,degraded
2323,12.71,49.8,ok
2324,36.77,55.0,ok
2325,16.72,40.4,ok
2326,17.49,46.0,ok
2327,16.05,72.3,ok
2328,10.81,86.5,ok
2329,11.56,70.5,ok
2330,15.16,50.9,ok
2331,13.4,51.3,ok
2332,10.53,39.8,ok
2333,43.5,64.0,ok
2334,10.41,65.6,ok
2335,31.09,59.6,ok
2336,11.44,39.4,ok
2337,20.88,80.6,ok
2338,17.02,49.4,ok
2339,14.54,72.2,ok
2340,5.14,33.5,ok
2341,13.74,61.3,ok
2342,15.37,47.7,ok
2343,23.18,37.1,degraded
2344,13.25,50.4,ok
2345,17.81,63.9,ok
2346,24.74,72.0,ok
2347,16.34,49.9,ok
2348,15.66,67.2,ok
2349,9.8,54.9,ok
2350,6.61,55.0,ok
2351,17.17,59.7,ok
2352,21.53,57.5,ok
2353,51.38,67.9,ok
2354,6.76,56.4,ok
2355,16.17,52.4,ok
2356,21.26,67.3,ok
2357,14.91,66.4,ok
2358,6.22,45.5,degraded
2359,12.02,54.5,ok
2360,10.64,51.5,ok
2361,31.44,59.9,ok
2362,23.86,54.6,ok
2363,18.29,57.9,ok
2364,14.65,61.7,ok
2365,16.02,81.6,ok
2366,10.74,76.6,ok
2367,16.23,65.0,ok
2368,15.69,29.9,ok
2369,17.47,69.2,ok
2370,14.91,30.9,ok
2371,11.17,57.4,ok
2372,10.99,62.2,ok
2373,12.89,56.0,ok
2374,12.74,73.0,ok
2375,8.98,58.3,ok
2376,15.96,70.6,ok
2377,10.73,72.9,ok
2378,18.45,33.8,ok
2379,7.03,37.0,ok
2380,7.02,71.1,ok
2381,10.84,76.5,ok
2382,12.24,74.3,ok
2383,24.32,75.6,ok
2384,9.9,47.6,ok
2385,7.46,52.8,ok
2386,12.82,43.7,ok
2387,9.83,59.6,ok
2388,17.03,41.7,ok
2389,14.84,66.6,ok
2390,19.98,59.5,ok
2391,11.5,65.1,ok
2392,16.05,45.3,ok
2393,22.35,61.5,degraded
2394,14.48,55.8,ok
2395,24.77,45.8,ok
2396,20.06,68.8,ok
2397,12.09,88.2,ok
2398,8.38,63.9,degraded
2399,22.63,55.5,ok
2400,16.86,50.3,ok
2401,30.87,58.2,ok
2402,9.89,39.8,ok
2403,28.73,49.2,ok
2404,27.63,53.9,ok
2405,14.46,51.3,ok
2406,10.13,68.3,ok
2407,13.41,61.4,ok
2408,5.3,53.7,ok
2409,11.65,59.6,ok
2410,26.88,70.5,ok
2411,8.16,71.6,ok
2412,5.13,47.9,ok
2413,16.3,72.7,ok
2414,15.94,78.2,ok
2415,9.37,52.8,ok
2416,29.16,61.7,ok
2417,3.81,59.7,ok
2418,12.27,54.9,ok
2419,10.95,75.7,ok
2420,11.52,76.0,ok
2421,7.64,64.9,ok
2422,12.58,63.2,ok
2423,8.46,43.9,ok
2424,15.61,45.0,ok
2425,6.31,54.9,ok
2426,16.09,48.0,ok
2427,10.17,41.5,ok
2428,14.36,66.3,ok
2429,15.16,43.4,ok
2430,5.0,72.3,ok
2431,13.37,46.7,ok
2432,5.96,49.7,ok
2433,30.74,68.4,ok
2434,19.08,70.0,ok
2435,13.87,74.0,ok
2436,16.44,54.7,ok
2437,87.75,59.9,ok
2438,19.48,69.8,ok
2439,9.66,62.6,ok
2440,47.2,60.0,ok
2441,11.29,78.5,ok
2442,17.64,47.4,ok
2443,11.7,68.9,ok
2444,11.08,58.5,ok
2445,17.93,52.3,ok
2446,12.36,65.9,ok
2447,11.07,51.2,ok
2448,15.7,66.8,ok
2449,11.43,49.4,ok
2450,8.35,57.5,ok
2451,30.33,35.4,ok
2452,9.28,58.7,ok
2453,11.18,69.6,ok
2454,7.5,53.2,degraded
2455,14.47,66.5,ok
2456,9.29,59.8,ok
2457,11.63,49.6,ok
2458,19.41,62.1,ok
2459,16.46,29.0,degraded
2460,8.87,73.7,ok
2461,10.36,48.2,ok
2462,12.15,74.8,ok
2463,13.71,59.0,ok
2464,20.0,45.3,ok
2465,14.05,58.5,ok
2466,10.24,66.1,ok
2467,15.71,59.4,ok
2468,6.09,49.0,ok
2469,18.32,58.7,ok
2470,11.28,39.0,ok
2471,14.02,57.3,degraded
2472,14.01,71.5,ok
2473,9.9,51.9,ok
2474,7.62,64.3,ok
2475,36.7,42.3,ok
2476,12.37,84.9,ok
2477,20.03,59.8,ok
2478,10.65,52.6,ok
2479,10.99,48.9,ok
2480,12.1,60.6,ok
2481,15.22,59.5,ok
2482,22.58,90.1,ok
2483,20.27,54.3,ok
2484,17.6,64.9,ok
2485,11.44,64.8,ok
2486,14.62,35.7,ok
2487,8.39,45.2,ok
2488,16.01,28.0,ok
2489,18.33,59.8,ok
2490,13.86,59.8,ok
2491,25.33,56.1,ok
2492,5.69,58.7,ok
2493,24.47,54.0,ok
2494,7.99,52.5,ok
2495,18.34,59.8,ok
2496,8.03,69.6,ok
2497,16.36,39.4,ok
2498,14.04,51.2,ok
2499,14.5,48.5,degraded
2500,30.38,73.3,ok
2501,14.18,47.2,ok
2502,6.27,87.8,ok
2503,21.31,64.3,ok
2504,12.27,50.2,ok
2505,11.52,46.7,ok
2506,4.55,66.1,ok
2507,14.36,70.9,ok
2508,12.93,47.5,ok
2509,12.1,52.6,ok
2510,13.52,58.4,ok
2511,10.71,62.6,ok
2512,11.02,62.6,ok
2513,34.69,63.2,ok
2514,12.83,48.9,ok
2515,13.39,74.8,ok
2516,11.42,67.2,ok
2517,23.2,65.6,ok
2518,8.13,40.4,ok
2519,99.13,54.5,ok
2520,7.53,89.3,ok
2521,22.58,30.7,ok
2522,10.03,50.6,degraded
2523,14.07,33.2,ok
2524,10.24,72.4,ok
2525,12.0,70.4,degraded
2526,8.57,66.6,ok
2527,25.23,61.6,ok
2528,12.0,71.2,ok
2529,5.97,72.2,ok
2530,9.81,71.7,ok
2531,6.32,57.9,ok
2532,25.9,65.3,degraded
2533,19.36,48.7,ok
2534,26.71,51.1,ok
2535,14.06,33.9,ok
2536,8.07,59.6,ok
2537,12.72,33.8,ok
2538,26.86,50.7,ok
2539,13.91,77.9,ok
2540,15.76,76.4,ok
2541,2.93,57.2,ok
2542,6.0,46.7,ok
2543,6.58,63.0,ok
2544,16.82,46.9,ok
2545,13.34,42.1,ok
2546,12.86,64.5,ok
2547,12.48,56.3,degraded
2548,13.51,66.3,ok
2549,7.21,48.4,ok
2550,8.46,50.4,ok
2551,23.84,51.2,ok
2552,16.73,61.5,ok
2553,8.92,52.3,ok
2554,29.66,46.6,ok
2555,17.16,41.3,ok
2556,14.86,57.3,ok
2557,8.17,50.6,ok
2558,14.18,55.8,ok
2559,11.75,47.8,ok
2560,12.07,54.5,ok
2561,15.33,61.7,ok
2562,27.78,67.7,ok
2563,29.65,56.2,ok
2564,10.49,50.2,ok
2565,3.42,49.2,ok
2566,6.92,70.6,ok
2567,9.3,76.2,degraded
2568,14.41,59.3,ok
2569,15.0,72.2,ok
2570,17.19,60.9,ok
2571,15.69,39.5,ok
2572,5.64,49.2,ok
2573,5.47,74.3,ok
2574,14.38,48.4,ok
2575,29.62,68.1,ok
2576,12.67,58.4,ok
2577,26.2,59.4,ok
2578,15.96,46.8,ok
2579,8.02,59.5,ok
2580,14.5,79.4,ok
2581,11.94,57.0,ok
2582,16.81,38.5,ok
2583,8.72,41.7,ok
2584,18.55,53.5,ok
2585,13.12,78.6,ok
2586,12.77,57.4,ok
2587,14.45,73.0,ok
2588,13.56,70.3,ok
2589,11.27,55.5,ok
2590,22.13,54.7,ok
2591,7.03,65.7,degraded
2592,12.88,66.9,ok
2593,14.91,53.4,ok
2594,11.46,40.4,ok
2595,17.54,53.8,ok
2596,8.43,60.3,ok
2597,13.55,72.8,ok
2598,14.4,51.0,ok
2599,182.34,56.8,ok
2600,13.8,52.9,ok
2601,6.9,66.2,ok
2602,21.09,62.5,ok
2603,10.97,64.3,ok
2604,7.64,85.1,ok
2605,13.79,58.8,ok
2606,5.81,90.0,ok
2607,16.16,64.8,ok
2608,21.91,62.4,ok
2609,6.75,53.3,ok
2610,12.9,36.6,ok
2611,18.83,60.9,ok
2612,10.67,58.0,ok
2613,16.11,50.2,ok
2614,5.59,76.8,ok
2615,24.32,40.5,ok
2616,8.72,47.7,ok
2617,7.66,42.9,ok
2618,10.51,60.4,ok
2619,16.21,53.8,degraded
2620,13.48,62.1,ok
2621,16.29,68.8,ok
2622,38.5,59.3,ok
2623,9.15,60.7,ok
2624,14.09,48.1,ok
2625,22.13,64.2,ok
2626,38.7,54.3,ok
2627,6.94,75.9,ok
2628,9.73,83.6,ok
2629,11.18,47.4,ok
2630,13.05,70.3,ok
2631,20.04,65.8,ok
2632,19.93,50.9,ok
2633,21.6,59.2,ok
2634,10.15,66.8,ok
2635,13.92,53.6,ok
2636,13.06,51.4,degraded
2637,7.58,45.1,ok
2638,15.01,52.5,ok
2639,12.57,54.7,ok
2640,10.68,75.3,ok
2641,11.87,70.3,ok
2642,14.43,51.1,ok
2643,17.16,36.5,ok
2644,13.72,47.5,ok
2645,8.73,39.4,ok
2646,10.6,27.5,ok
2647,17.44,67.0,ok
2648,10.13,55.2,ok
2649,16.67,48.5,ok
2650,11.63,80.2,ok
2651,13.98,40.9,ok
2652,13.74,66.0,ok
2653,12.02,52.7,ok
2654,15.03,49.4,ok
2655,15.09,57.9,ok
2656,16.96,73.8,ok
2657,11.38,59.8,ok
2658,13.33,67.8,ok
2659,40.14,62.8,ok
2660,9.24,25.2,ok
2661,11.57,70.5,ok
2662,6.47,41.5,ok
2663,10.1,60.9,ok
2664,29.03,77.3,ok
2665,16.34,61.3,ok
2666,20.16,33.1,ok
2667,10.66,67.2,ok
2668,27.25,56.8,ok
2669,12.83,66.2,ok
2670,10.54,65.3,ok
2671,13.97,32.2,ok
2672,20.59,73.8,ok
2673,34.09,60.1,ok
2674,13.91,61.3,ok
2675,7.78,54.7,ok
2676,6.4,61.8,ok
2677,119.93,41.6,ok
2678,10.27,53.9,degraded
2679,15.67,48.5,ok
2680,8.06,35.1,ok
2681,3.26,58.2,ok
2682,30.49,60.0,ok
2683,10.0,42.7,ok
2684,10.81,59.8,ok
2685,12.59,71.7,ok
2686,5.44,50.6,ok
2687,12.37,50.3,ok
2688,24.66,56.1,ok
2689,9.5,72.8,ok
2690,6.27,38.1,ok
2691,23.04,69.7,degraded
2692,8.55,61.3,ok
2693,16.89,51.6,degraded
2694,21.56,48.8,ok
2695,7.89,75.7,ok
2696,13.81,66.1,ok
2697,19.39,65.0,ok
2698,13.62,76.6,degraded
2699,16.02,39.8,ok
2700,24.1,39.0,ok
2701,17.12,84.0,ok
2702,6.9,69.5,ok
2703,8.93,63.9,ok
2704,24.82,59.1,ok
2705,5.11,64.1,ok
2706,18.37,69.3,ok
2707,14.43,43.5,ok
2708,16.87,66.3,degraded
2709,13.77,57.3,ok
2710,16.3,59.1,ok
2711,12.36,45.5,ok
2712,18.99,76.9,ok
2713,17.98,65.7,ok
2714,7.77,52.3,ok
2715,14.96,54.5,ok
2716,12.88,63.9,ok
2717,25.37,41.1,ok
2718,10.02,57.6,ok
2719,17.38,54.1,ok
2720,18.78,46.9,ok
2721,10.31,36.5,ok
2722,17.11,58.9,ok
2723,10.98,57.5,ok
2724,14.72,79.6,ok
2725,15.61,57.1,ok
2726,24.21,52.4,ok
2727,17.9,60.6,ok
2728,12.35,81.7,ok
2729,11.16,80.6,ok
2730,11.75,74.2,ok
2731,13.99,63.2,ok
2732,6.54,46.3,ok
2733,18.48,44.9,ok
2734,15.97,40.8,ok
2735,16.48,82.4,ok
2736,12.02,76.8,ok
2737,19.25,51.6,ok
2738,4.46,46.7,ok
2739,12.8,52.8,ok
2740,10.66,51.2,ok
2741,14.14,46.6,ok
2742,12.0,63.8,ok
2743,11.41,65.0,ok
2744,16.99,42.8,ok
2745,34.07,60.1,ok
2746,9.18,59.9,ok
2747,11.9,62.1,ok
2748,11.01,35.5,ok
2749,22.18,36.8,ok
2750,7.36,62.2,ok
2751,22.34,41.6,ok
2752,8.93,46.6,ok
2753,8.83,46.1,ok
2754,15.84,66.1,ok
2755,8.37,46.0,ok
2756,8.68,71.7,ok
2757,6.05,70.6,ok
2758,8.82,83.5,ok
2759,17.17,57.0,ok
2760,18.06,58.7,ok
2761,10.45,45.7,ok
2762,12.54,82.3,ok
2763,10.76,68.7,ok
2764,14.23,32.1,ok
2765,14.51,57.3,ok
2766,22.88,36.3,ok
2767,6.51,40.2,ok
2768,11.5,53.2,ok
2769,25.84,56.4,ok
2770,7.71,68.9,ok
2771,5.8,59.1,ok
2772,9.49,46.9,ok
2773,11.67,68.2,ok
2774,37.6,72.1,ok
2775,11.28,70.0,ok
2776,13.58,69.2,ok
2777,12.62,50.7,ok
2778,6.43,75.6,ok
2779,24.48,41.4,ok
2780,17.87,48.5,ok
2781,11.05,57.6,ok
2782,9.77,52.7,ok
2783,8.46,51.1,ok
2784,10.65,70.4,ok
2785,23.88,61.5,ok
2786,20.27,39.0,ok
2787,13.06,66.4,ok
2788,14.29,34.5,ok
2789,15.29,61.1,ok
2790,9.63,67.6,ok
2791,10.1,56.1,ok
2792,10.94,56.8,ok
2793,6.98,45.1,ok
2794,20.73,53.6,ok
2795,28.86,45.4,ok
2796,29.8,75.8,ok
2797,9.91,38.8,ok
2798,19.47,61.0,ok
2799,123.86,61.1,ok
2800,15.94,68.3,degraded
2801,23.67,68.7,ok
2802,19.52,62.9,ok
2803,7.52,48.3,ok
2804,10.63,51.2,ok
2805,15.24,37.0,ok
2806,16.83,63.9,ok
2807,16.24,45.0,ok
2808,9.91,54.0,ok
2809,8.18,57.5,degraded
2810,12.85,74.2,ok
2811,9.75,50.8,ok
2812,14.25,58.9,ok
2813,8.51,71.7,ok
2814,20.8,62.6,ok
2815,11.9,64.8,ok
2816,15.31,62.9,ok
2817,18.18,57.2,degraded
2818,20.29,48.0,ok
2819,17.75,52.4,ok
2820,23.55,54.0,ok
2821,11.1,62.7,ok
2822,35.26,59.7,ok
2823,17.13,57.3,ok
2824,19.57,67.9,ok
2825,10.67,41.4,degraded
2826,9.5,76.8,ok
2827,20.19,34.8,ok
2828,8.36,55.6,ok
2829,20.76,55.1,ok
2830,14.09,52.5,ok
2831,18.65,77.2,ok
2832,26.59,69.8,ok
2833,10.12,57.2,ok
2834,8.43,37.8,ok
2835,11.77,69.0,ok
2836,15.71,57.9,ok
2837,6.19,83.4,ok
2838,16.68,43.2,ok
2839,19.76,60.4,ok
2840,8.33,54.0,ok
2841,10.77,79.6,ok
2842,28.79,64.4,degraded
2843,30.47,59.9,ok
2844,17.31,45.3,ok
2845,14.81,74.0,ok
2846,2.92,39.8,ok
2847,26.22,55.5,ok
2848,8.75,48.2,ok
2849,15.36,69.2,ok
2850,9.55,67.3,ok
2851,14.48,55.8,ok
2852,15.07,38.5,ok
2853,9.62,56.5,ok
2854,4.01,43.9,ok
2855,10.59,40.1,ok
2856,18.91,51.3,ok
2857,13.49,55.2,ok
2858,9.98,49.8,ok
2859,8.77,47.0,ok
2860,8.3,68.3,ok
2861,8.56,69.9,ok
2862,11.09,47.7,ok
2863,11.0,48.1,ok
2864,8.82,62.6,ok
2865,15.12,45.5,ok
2866,9.34,50.2,ok
2867,15.35,63.3,ok
2868,3.59,74.2,ok
2869,18.06,52.2,ok
2870,15.19,68.5,ok
2871,4.34,48.9,ok
2872,25.76,46.5,degraded
2873,7.99,55.6,ok
2874,6.62,48.5,ok
2875,15.86,58.1,ok
2876,14.17,30.2,ok
2877,8.27,81.2,degraded
2878,15.44,40.3,ok
2879,16.99,54.6,ok
2880,7.06,60.3,ok
2881,11.67,62.9,ok
2882,29.13,45.5,ok
2883,14.13,64.7,ok
2884,14.26,55.1,degraded
2885,8.56,60.5,ok
2886,11.69,51.1,ok
2887,25.06,64.6,ok
2888,17.79,63.6,ok
2889,12.31,63.9,ok
2890,12.59,39.2,ok
2891,12.59,49.5,ok
2892,3.67,54.4,ok
2893,21.14,65.9,degraded
2894,7.55,52.8,degraded
2895,10.66,45.4,ok
2896,11.27,46.4,ok
2897,17.35,46.1,ok
2898,4.57,37.7,ok
2899,27.41,41.5,ok
2900,15.93,57.3,ok
2901,11.78,60.3,ok
2902,11.9,74.3,ok
2903,8.2,55.5,ok
2904,12.78,48.0,ok
2905,10.84,39.9,ok
2906,15.97,63.3,ok
2907,13.46,57.1,ok
2908,30.89,51.6,ok
2909,10.13,65.6,ok
2910,13.09,68.9,ok
2911,13.87,62.6,ok
2912,12.7,64.1,ok
2913,9.02,64.0,ok
2914,12.92,52.0,degraded
2915,34.11,45.5,ok
2916,16.69,55.7,ok
2917,25.46,51.2,ok
2918,14.36,40.1,ok
2919,9.27,54.3,ok
2920,14.7,44.7,ok
2921,21.14,51.4,ok
2922,8.06,43.5,ok
2923,8.05,41.5,ok
2924,17.18,67.3,ok
2925,10.06,43.6,ok
2926,10.34,45.6,ok
2927,10.18,62.9,ok
2928,9.23,39.9,ok
2929,36.59,34.5,degraded
2930,4.06,72.6,ok
2931,96.36,70.0,ok
2932,8.95,52.9,ok
2933,34.8,51.1,ok
2934,5.75,88.0,ok
2935,11.12,49.6,ok
2936,21.53,61.0,ok
2937,11.99,79.5,ok
2938,8.68,42.7,ok
2939,16.82,45.1,ok
2940,5.78,46.5,ok
2941,20.8,61.9,ok
2942,10.86,50.4,ok
2943,16.89,39.9,ok
2944,12.36,61.9,ok
2945,10.13,51.4,ok
2946,8.99,60.8,ok
2947,15.45,45.2,ok
2948,138.52,48.9,ok
2949,5.33,48.2,ok
2950,19.68,45.7,ok
2951,8.2,37.5,ok
2952,13.35,40.0,ok
2953,19.68,43.0,ok
2954,9.96,57.2,ok
2955,28.36,71.2,ok
2956,9.61,47.5,ok
2957,13.19,56.5,degraded
2958,7.99,45.9,ok
2959,18.82,54.3,ok
2960,11.34,45.2,ok
2961,34.4,47.8,ok
2962,17.53,52.7,ok
2963,12.42,44.9,ok
2964,12.91,53.0,ok
2965,25.75,55.9,ok
2966,13.63,42.3,ok
2967,21.21,73.6,ok
2968,21.61,54.8,ok
2969,16.68,54.9,ok
2970,26.08,54.4,ok
2971,7.7,36.9,ok
2972,18.68,59.8,ok
2973,22.48,45.3,ok
2974,15.42,54.7,ok
2975,7.75,55.3,ok
2976,8.68,81.1,ok
2977,18.11,63.1,ok
2978,22.97,46.0,ok
2979,4.05,67.3,ok
2980,9.17,59.8,ok
2981,18.29,68.0,ok
2982,11.88,64.7,ok
2983,7.53,65.0,ok
2984,19.16,48.3,ok
2985,12.57,64.8,ok
2986,11.11,41.0,ok
2987,18.36,60.3,ok
2988,10.14,52.0,ok
2989,8.55,61.8,ok
2990,23.47,50.1,ok
2991,22.38,66.4,degraded
2992,9.49,52.0,ok
2993,12.82,74.2,ok
2994,5.76,66.2,ok
2995,19.01,45.9,ok
2996,32.24,69.5,ok
2997,16.02,57.8,ok
2998,19.3,60.6,ok
2999,12.85,80.4,ok
3000,15.28,51.0,ok
3001,15.29,51.2,ok
3002,12.05,69.8,ok
3003,11.82,58.2,ok
3004,9.63,46.9,ok
3005,10.99,49.8,ok
3006,6.52,42.0,ok
3007,13.0,56.0,ok
3008,11.78,62.5,ok
3009,14.23,66.1,ok
3010,12.79,50.5,ok
3011,20.61,56.9,degraded
3012,24.35,71.6,ok
3013,8.21,36.8,ok
3014,7.08,73.0,ok
3015,8.06,63.9,ok
3016,11.25,63.1,degraded
3017,15.08,42.4,ok
3018,13.76,32.9,degraded
3019,17.7,48.5,ok
3020,15.74,58.9,ok
3021,13.93,69.1,ok
3022,15.36,52.7,ok
3023,22.37,70.3,ok
3024,17.66,62.9,ok
3025,11.0,56.5,ok
3026,8.34,52.6,ok
3027,9.21,67.2,ok
3028,21.05,43.6,ok
3029,13.43,51.2,ok
3030,14.69,70.5,ok
3031,9.41,47.7,ok
3032,16.33,48.3,ok
3033,12.37,64.2,ok
3034,8.45,31.8,ok
3035,141.14,71.7,ok
3036,9.16,75.6,ok
3037,11.57,56.5,ok
3038,14.13,52.8,ok
3039,9.01,71.7,ok
3040,9.68,30.4,ok
3041,10.88,54.4,ok
3042,26.94,64.7,degraded
3043,9.29,78.2,ok
3044,15.08,69.5,ok
3045,23.69,37.4,ok
3046,9.96,44.8,degraded
3047,12.38,60.4,ok
3048,15.01,54.4,ok
3049,7.66,43.9,ok
3050,13.59,90.0,ok
3051,21.41,75.5,ok
3052,14.89,82.1,ok
3053,10.71,56.0,ok
3054,8.48,55.8,ok
3055,25.63,39.2,ok
3056,16.24,79.0,ok
3057,33.28,67.4,ok
3058,5.55,65.0,ok
3059,6.9,70.6,ok
3060,13.13,52.5,degraded
3061,10.78,55.4,ok
3062,18.22,78.0,ok
3063,26.41,70.1,ok
3064,4.05,60.0,degraded
3065,19.62,68.7,ok
3066,24.52,65.0,ok
3067,19.35,58.9,ok
3068,15.68,78.2,ok
3069,10.59,57.2,degraded
3070,18.88,59.6,ok
3071,9.94,64.6,ok
3072,10.96,67.3,ok
3073,19.65,66.1,ok
3074,11.8,69.3,ok
3075,7.83,62.7,ok
3076,20.83,63.3,ok
3077,8.43,59.8,ok
3078,11.22,56.9,ok
3079,36.93,39.1,ok
3080,9.0,60.8,ok
3081,8.53,46.2,ok
3082,7.96,44.8,ok
3083,25.7,73.7,ok
3084,6.6,54.4,ok
3085,16.15,63.7,ok
3086,19.26,80.4,ok
3087,17.04,63.9,ok
3088,7.66,81.0,ok
3089,7.11,53.1,ok
3090,9.32,74.3,ok
3091,16.74,48.0,ok
3092,9.88,62.1,ok
3093,20.8,65.8,ok
3094,9.56,48.7,ok
3095,17.18,77.3,ok
3096,8.41,69.2,ok
3097,18.52,62.2,ok
3098,5.89,52.3,degraded
3099,12.79,64.3,ok
3100,6.44,52.2,degraded
3101,11.43,75.5,ok
3102,7.02,72.3,ok
3103,31.61,45.6,ok
3104,9.87,70.1,ok
3105,10.1,48.3,ok
3106,11.31,71.8,ok
3107,12.8,70.4,ok
3108,9.22,47.9,ok
3109,18.41,57.2,ok
3110,14.52,51.7,ok
3111,10.53,40.9,ok
3112,19.2,40.5,ok
3113,10.33,60.8,ok
3114,6.2,75.7,ok
3115,13.5,46.1,ok
3116,14.85,57.1,ok
3117,20.37,44.9,ok
3118,9.01,49.0,ok
3119,9.31,38.5,ok
3120,12.06,56.4,ok
3121,15.71,48.3,ok
3122,7.08,54.5,ok
3123,15.63,53.6,ok
3124,22.68,55.1,ok
3125,17.56,51.9,ok
3126,15.76,52.6,ok
3127,24.84,77.8,ok
3128,10.3,55.4,ok
3129,11.0,48.6,ok
3130,7.24,72.2,ok
3131,7.24,63.0,ok
3132,11.8,65.4,ok
3133,9.26,39.8,ok
3134,10.31,57.7,ok
3135,5.64,54.5,ok
3136,12.15,72.1,ok
3137,32.5,43.7,ok
3138,5.27,67.4,ok
3139,20.16,69.2,ok
3140,20.4,63.0,ok
3141,20.09,53.1,ok
3142,31.53,53.1,ok
3143,11.43,76.6,ok
3144,10.67,68.7,ok
3145,13.27,46.3,ok
3146,9.7,55.4,ok
3147,12.71,60.2,ok
3148,7.59,52.0,ok
3149,18.98,25.0,degraded
3150,22.57,75.0,ok
3151,10.99,58.2,ok
3152,21.22,66.0,ok
3153,12.05,48.3,degraded
3154,13.05,79.5,degraded
3155,15.09,58.7,ok
3156,9.4,68.7,ok
3157,9.13,53.7,ok
3158,7.57,42.1,ok
3159,12.89,59.8,ok
3160,9.41,69.3,ok
3161,12.63,66.9,ok
3162,17.95,57.5,ok
3163,9.06,46.8,ok
3164,20.3,57.6,ok
3165,10.6,46.3,ok
3166,8.39,54.4,ok
3167,23.71,56.4,ok
3168,7.0,41.1,ok
3169,8.69,43.8,ok
3170,12.01,57.0,ok
3171,11.27,73.6,ok
3172,19.72,78.8,ok
3173,14.23,48.3,ok
3174,26.28,54.9,ok
3175,10.78,58.3,ok
3176,20.71,53.9,ok
3177,9.43,69.0,ok
3178,8.4,66.1,ok
3179,6.75,75.5,ok
3180,10.39,55.4,ok
3181,17.86,61.0,ok
3182,26.69,60.7,ok
3183,10.21,54.1,ok
3184,19.26,69.6,ok
3185,80.69,50.0,ok
3186,118.59,47.7,ok
3187,9.09,48.0,ok
3188,12.85,38.5,ok
3189,16.65,59.1,ok
3190,11.76,65.4,ok
3191,21.56,25.4,ok
3192,4.45,59.4,ok
3193,8.27,57.3,ok
3194,10.96,50.3,ok
3195,94.04,52.4,ok
3196,5.76,32.4,ok
3197,12.84,52.3,ok
3198,15.57,37.7,ok
3199,9.39,75.7,ok
3200,19.87,56.7,ok
3201,5.31,58.6,ok
3202,6.15,44.6,ok
3203,26.79,71.0,ok
3204,10.5,48.2,ok
3205,6.35,58.5,ok
3206,15.46,52.1,ok
3207,16.74,53.5,ok
3208,12.74,67.9,ok
3209,19.95,62.0,ok
3210,9.3,41.8,ok
3211,13.55,56.9,ok
3212,8.86,45.0,ok
3213,11.37,68.2,ok
3214,12.29,60.8,ok
3215,11.04,45.2,ok
3216,16.41,49.5,ok
3217,14.1,69.9,ok
3218,18.46,72.5,ok
3219,7.69,54.2,ok
3220,6.17,58.5,ok
3221,6.27,70.3,degraded
3222,9.42,56.9,ok
3223,8.42,48.0,ok
3224,4.85,48.5,ok
3225,30.22,37.6,ok
3226,9.35,51.9,ok
3227,18.71,67.9,ok
3228,11.94,53.1,ok
3229,36.02,67.3,ok
3230,12.29,70.5,ok
3231,12.53,53.5,ok
3232,11.54,56.0,ok
3233,8.97,38.0,ok
3234,7.9,59.7,ok
3235,15.45,40.3,ok
3236,14.71,55.4,ok
3237,9.36,54.5,degraded
3238,9.36,62.6,ok
3239,24.66,57.1,ok
3240,8.61,61.7,ok
3241,9.26,42.2,ok
3242,17.97,67.9,ok
3243,17.44,59.6,ok
3244,12.48,64.5,ok
3245,16.34,47.8,ok
3246,31.53,52.7,ok
3247,14.4,45.7,ok
3248,25.88,66.9,ok
3249,5.22,51.9,ok
3250,17.73,52.0,degraded
3251,9.58,61.5,ok
3252,6.84,56.3,ok
3253,12.18,57.3,ok
3254,7.43,66.2,ok
3255,12.62,65.8,ok
3256,26.68,38.3,ok
3257,16.71,53.6,ok
3258,12.94,81.8,ok
3259,8.68,57.0,ok
3260,16.11,54.4,ok
3261,28.25,48.1,ok
3262,15.75,54.4,ok
3263,10.75,43.6,degraded
3264,9.58,33.1,ok
3265,18.21,51.7,ok
3266,10.09,51.1,ok
3267,6.07,66.7,ok
3268,34.55,45.4,degraded
3269,13.71,66.2,ok
3270,9.97,56.3,ok
3271,20.82,43.5,ok
3272,25.11,56.5,ok
3273,25.24,30.2,ok
3274,11.24,64.0,ok
3275,22.0,73.2,ok
3276,25.38,44.1,ok
3277,12.29,57.8,ok
3278,11.13,42.8,ok
3279,7.21,53.6,ok
3280,28.87,58.3,ok
3281,15.52,64.9,ok
3282,16.64,49.1,ok
3283,15.14,23.9,ok
3284,17.77,61.8,degraded
3285,10.62,46.0,ok
3286,5.69,53.9,ok
3287,13.99,79.4,ok
3288,65.19,52.1,ok
3289,18.93,67.1,ok
3290,32.69,40.2,ok
3291,17.44,65.1,ok
3292,15.12,65.2,ok
3293,23.29,59.1,ok
3294,11.3,67.2,ok
3295,12.71,53.2,ok
3296,13.23,61.1,degraded
3297,17.41,75.5,ok
3298,15.29,57.3,ok
3299,20.85,67.5,ok
3300,13.99,73.6,degraded
3301,16.73,82.7,ok
3302,11.76,73.1,ok
3303,12.9,72.2,ok
3304,16.08,42.4,ok
3305,28.37,64.2,ok
3306,7.86,48.3,ok
3307,9.13,60.6,ok
3308,14.27,44.1,ok
3309,23.52,47.5,ok
3310,20.04,73.0,ok
3311,9.51,23.5,ok
3312,16.09,52.7,ok
3313,21.15,62.0,ok
3314,17.0,63.4,ok
3315,7.32,70.3,ok
3316,18.14,65.4,ok
3317,8.36,50.9,ok
3318,15.88,48.0,ok
3319,20.31,53.1,ok
3320,7.56,63.6,ok
3321,24.28,41.2,ok
3322,9.6,57.5,ok
3323,15.75,69.4,ok
3324,12.9,46.2,ok
3325,11.36,32.6,ok
3326,12.49,46.5,ok
3327,6.14,71.2,ok
3328,21.21,52.1,ok
3329,11.31,44.1,ok
3330,10.87,97.3,degraded
3331,14.41,61.6,ok
3332,18.2,46.0,ok
3333,16.06,63.7,ok
3334,5.91,53.6,ok
3335,6.12,54.2,ok
3336,14.01,76.1,ok
3337,14.27,39.4,ok
3338,5.69,66.4,ok
3339,6.88,53.5,ok
3340,16.65,38.2,ok
3341,17.5,59.5,ok
3342,7.71,63.1,ok
3343,13.0,48.7,ok
3344,13.66,50.1,ok
3345,23.55,46.1,ok
3346,19.72,73.0,ok
3347,25.41,48.0,ok
3348,10.28,53.0,ok
3349,11.24,58.9,ok
3350,9.72,77.3,ok
3351,13.52,85.5,ok
3352,10.33,55.7,ok
3353,13.58,54.9,ok
3354,28.97,88.0,ok
3355,9.89,49.2,ok
3356,5.76,62.5,ok
3357,73.25,61.5,ok
3358,11.15,48.3,ok
3359,11.81,50.3,ok
3360,12.47,57.2,ok
3361,17.32,56.7,ok
3362,3.79,52.0,ok
3363,234.17,76.1,ok
3364,10.45,50.1,ok
3365,13.13,60.5,ok
3366,29.01,80.1,ok
3367,23.97,47.7,ok
3368,20.73,47.3,ok
3369,13.69,65.2,ok
3370,20.37,94.1,degraded
3371,21.3,53.3,ok
3372,17.13,61.8,ok
3373,6.57,71.8,ok
3374,9.2,63.7,ok
3375,18.98,59.0,ok
3376,17.27,68.9,ok
3377,5.12,71.1,ok
3378,4.84,50.7,ok
3379,16.04,75.2,ok
3380,9.48,76.7,ok
3381,12.38,77.5,ok
3382,14.0,46.1,ok
3383,9.53,45.7,ok
3384,6.29,50.8,ok
3385,9.33,52.1,ok
3386,12.33,66.7,ok
3387,16.05,74.0,ok
3388,8.76,53.8,ok
3389,11.31,44.1,ok
3390,5.73,61.8,ok
3391,9.05,58.6,ok
3392,21.17,52.6,ok
3393,22.2,49.1,ok
3394,16.43,73.1,ok
3395,21.11,47.8,ok
3396,19.02,68.9,ok
3397,5.91,51.0,ok
3398,7.37,75.0,ok
3399,7.35,92.7,ok
3400,9.68,53.8,ok
3401,18.12,53.2,ok
3402,9.9,53.5,ok
3403,9.64,41.9,degraded
3404,14.3,65.0,ok
3405,15.13,43.3,ok
3406,14.92,49.4,ok
3407,34.95,53.8,ok
3408,17.57,81.4,ok
3409,15.63,58.2,ok
3410,7.59,50.4,ok
3411,13.33,72.4,ok
3412,11.61,77.4,ok
3413,12.6,77.8,ok
3414,14.15,64.2,degraded
3415,19.08,76.6,ok
3416,4.33,78.0,ok
3417,11.76,40.4,ok
3418,13.07,80.6,degraded
3419,15.08,68.6,ok
3420,9.22,65.4,ok
3421,20.51,55.3,ok
3422,14.62,58.5,ok
3423,10.45,58.1,ok
3424,17.07,40.1,ok
3425,16.62,67.7,ok
3426,11.3,74.5,ok
3427,13.68,68.8,ok
3428,23.4,54.4,ok
3429,9.68,54.2,ok
3430,11.24,67.6,ok
3431,6.85,79.8,ok
3432,10.53,58.8,ok
3433,11.49,38.6,ok
3434,39.62,47.8,ok
3435,16.89,76.9,ok
3436,20.34,59.9,ok
3437,10.12,59.8,ok
3438,26.41,63.9,degraded
3439,23.72,53.1,ok
3440,7.35,61.0,ok
3441,18.99,61.9,ok
3442,7.47,54.6,ok
3443,115.1,61.1,ok
3444,18.24,44.1,ok
3445,15.35,34.3,ok
3446,9.24,75.6,ok
3447,15.42,74.5,ok
3448,8.43,32.3,ok
3449,9.94,33.0,ok
3450,15.27,68.2,ok
3451,9.62,52.3,ok
3452,35.51,62.2,ok
3453,13.39,57.7,ok
3454,4.28,53.5,degraded
3455,18.33,31.2,ok
3456,15.41,48.4,degraded
3457,13.03,62.0,ok
3458,7.33,66.3,ok
3459,25.47,70.6,ok
3460,11.34,52.6,ok
3461,11.52,35.7,ok
3462,3.68,50.9,ok
3463,19.93,62.6,ok
3464,4.2,29.3,ok
3465,12.95,58.4,ok
3466,27.55,70.8,ok
3467,15.73,47.3,ok
3468,14.53,61.4,ok
3469,10.0,63.5,degraded
3470,14.58,72.1,ok
3471,7.91,65.6,ok
3472,12.55,63.6,ok
3473,10.34,54.0,ok
3474,7.78,58.6,degraded
3475,17.1,41.3,degraded
3476,9.75,74.9,ok
3477,24.78,65.6,ok
3478,20.34,48.2,ok
3479,5.18,61.3,ok
3480,11.01,59.7,ok
3481,21.67,46.4,ok
3482,12.66,41.5,ok
3483,9.43,61.4,ok
3484,21.29,51.5,ok
3485,13.4,34.3,ok
3486,49.83,59.7,ok
3487,13.14,66.7,ok
3488,19.67,57.4,ok
3489,17.04,74.3,ok
3490,15.98,62.8,ok
3491,19.08,58.9,ok
3492,13.71,38.0,ok
3493,6.7,59.2,ok
3494,13.95,26.7,ok
3495,7.96,67.3,ok
3496,14.92,34.4,ok
3497,9.67,51.2,ok
3498,21.48,62.8,ok
3499,20.67,55.4,ok
3500,15.29,59.2,ok
3501,7.96,62.3,ok
3502,24.78,51.8,ok
3503,7.39,62.3,ok
3504,12.52,49.3,ok
3505,6.02,74.0,ok
3506,17.84,42.2,ok
3507,9.82,51.5,ok
3508,11.65,60.3,ok
3509,13.16,74.1,ok
3510,178.61,58.2,ok
3511,15.16,61.7,ok
3512,13.43,61.1,ok
3513,43.52,56.0,ok
3514,7.36,36.9,ok
3515,15.93,58.8,ok
3516,17.52,70.1,degraded
3517,7.5,51.2,ok
3518,27.44,73.4,degraded
3519,8.31,46.9,ok
3520,15.71,69.0,ok
3521,17.05,53.3,ok
3522,15.25,44.7,ok
3523,11.83,61.2,ok
3524,15.94,60.9,ok
3525,13.69,73.4,ok
3526,20.75,63.0,ok
3527,28.75,47.9,ok
3528,12.36,59.6,ok
3529,14.89,65.5,ok
3530,13.86,62.2,ok
3531,16.89,63.0,ok
3532,13.09,74.9,ok
3533,11.69,72.8,ok
3534,17.37,71.3,ok
3535,5.99,57.4,ok
3536,12.76,52.1,ok
3537,17.33,55.3,ok
3538,10.15,72.8,ok
3539,11.57,84.6,ok
3540,12.75,55.2,ok
3541,20.92,40.5,ok
3542,13.05,71.7,ok
3543,10.44,58.4,degraded
3544,14.91,69.6,ok
3545,22.57,47.3,ok
3546,6.15,29.5,ok
3547,25.39,43.6,ok
3548,18.31,53.6,ok
3549,21.46,58.0,ok
3550,11.54,35.3,ok
3551,3.54,63.3,ok
3552,31.43,48.5,ok
3553,29.39,81.5,ok
3554,12.14,63.2,degraded
3555,10.47,57.7,ok
3556,6.59,56.5,ok
3557,12.74,39.0,ok
3558,12.65,65.6,ok
3559,3.03,59.4,ok
3560,24.47,33.0,degraded
3561,13.04,55.3,ok
3562,28.42,45.0,ok
3563,38.15,60.7,ok
3564,14.03,66.4,ok
3565,9.87,66.7,ok
3566,9.3,78.7,ok
3567,15.75,54.6,ok
3568,16.17,48.5,ok
3569,7.84,39.9,degraded
3570,22.17,43.5,ok
3571,8.88,64.1,ok
3572,20.78,52.1,ok
3573,9.7,54.2,ok
3574,10.66,50.2,ok
3575,15.11,55.7,ok
3576,14.82,38.3,ok
3577,17.93,75.0,ok
3578,26.09,73.4,ok
3579,11.14,81.2,ok
3580,21.53,78.1,ok
3581,17.93,37.7,ok
3582,13.27,38.4,ok
3583,11.48,68.4,ok
3584,19.88,60.4,ok
3585,9.1,63.5,ok
3586,16.87,42.1,ok
3587,13.82,29.8,ok
3588,11.75,86.8,ok
3589,11.42,55.6,ok
3590,26.49,61.3,ok
3591,12.87,72.0,ok
3592,9.09,60.0,ok
3593,11.27,82.2,ok
3594,9.74,64.9,ok
3595,21.65,55.7,ok
3596,10.94,45.0,ok
3597,13.3,69.5,ok
3598,12.74,39.2,ok
3599,19.35,35.3,degraded
3600,14.86,54.3,ok
3601,10.32,60.6,ok
3602,6.09,54.5,ok
3603,11.2,44.2,ok
3604,15.68,35.1,ok
3605,9.49,59.7,ok
3606,18.9,69.9,ok
3607,28.24,63.1,ok
3608,26.76,55.0,ok
3609,17.43,48.1,ok
3610,25.55,55.9,ok
3611,11.71,49.5,ok
3612,13.82,63.5,ok
3613,9.77,56.7,ok
3614,14.63,72.7,ok
3615,34.02,66.2,ok
3616,10.19,59.0,ok
3617,19.24,61.0,ok
3618,24.74,53.0,ok
3619,17.81,57.5,ok
3620,14.8,59.7,ok
3621,12.62,59.2,ok
3622,11.52,59.7,ok
3623,10.63,47.2,ok
3624,12.8,65.5,degraded
3625,20.07,66.6,ok
3626,9.37,69.0,ok
3627,8.7,55.2,ok
3628,6.87,84.5,ok
3629,13.98,63.1,ok
3630,10.96,54.7,ok
3631,23.76,54.9,ok
3632,16.69,60.6,ok
3633,24.55,60.7,degraded
3634,21.36,44.2,degraded
3635,8.44,57.7,ok
3636,13.93,47.5,ok
3637,27.05,68.3,ok
3638,7.3,64.3,ok
3639,16.7,51.7,ok
3640,6.97,62.8,ok
3641,20.79,49.5,ok
3642,18.47,74.5,ok
3643,16.64,79.5,ok
3644,8.62,59.4,ok
3645,10.42,66.0,ok
3646,8.04,41.0,ok
3647,6.89,68.8,ok
3648,9.99,51.5,ok
3649,15.28,69.8,ok
3650,11.73,52.3,ok
3651,11.64,62.4,ok
3652,25.26,54.4,ok
3653,13.45,84.4,ok
3654,10.9,45.7,ok
3655,13.49,74.0,ok
3656,13.99,44.4,ok
3657,9.02,52.8,ok
3658,4.83,67.2,ok
3659,11.29,54.3,ok
3660,6.17,63.3,ok
3661,7.76,70.3,ok
3662,16.15,58.4,ok
3663,24.52,63.5,ok
3664,5.28,46.8,degraded
3665,13.3,60.3,ok
3666,30.9,60.6,ok
3667,18.13,71.3,ok
3668,28.15,44.8,ok
3669,7.79,62.0,ok
3670,19.39,46.2,ok
3671,8.94,49.3,ok
3672,22.07,42.9,ok
3673,14.02,79.3,ok
3674,14.53,42.6,ok
3675,25.83,55.2,ok
3676,14.89,69.1,ok
3677,15.57,64.1,ok
3678,10.88,50.1,ok
3679,15.7,71.0,ok
3680,16.25,63.3,ok
3681,32.04,72.7,ok
3682,12.08,61.4,ok
3683,21.98,49.8,ok
3684,18.27,66.9,ok
3685,19.98,69.3,ok
3686,14.84,35.2,ok
3687,26.51,37.6,ok
3688,4.42,48.3,ok
3689,20.84,59.4,degraded
3690,12.08,80.6,ok
3691,11.17,52.2,ok
3692,29.95,50.8,ok
3693,18.55,63.3,ok
3694,10.31,57.9,ok
3695,19.6,73.1,ok
3696,8.35,45.2,ok
3697,17.02,58.9,ok
3698,24.08,54.1,ok
3699,12.11,74.0,degraded
3700,21.18,43.8,ok
3701,11.56,49.4,ok
3702,14.22,81.0,ok
3703,12.69,64.2,ok
3704,15.04,61.2,ok
3705,26.88,65.2,ok
3706,31.26,56.4,ok
3707,11.75,55.1,ok
3708,22.49,45.0,ok
3709,8.64,58.6,degraded
3710,12.71,51.0,ok
3711,10.45,47.8,ok
3712,10.43,67.6,ok
3713,16.35,82.1,ok
3714,12.4,55.8,ok
3715,11.58,76.2,ok
3716,18.95,67.2,ok
3717,14.37,53.6,ok
3718,27.26,85.6,ok
3719,12.75,48.7,ok
3720,22.02,65.3,ok
3721,17.09,61.9,degraded
3722,12.35,55.8,ok
3723,8.58,65.3,ok
3724,23.02,55.9,ok
3725,7.74,52.1,ok
3726,24.82,55.5,ok
3727,25.94,48.9,ok
3728,15.93,58.0,ok
3729,17.6,69.4,ok
3730,8.81,68.0,ok
3731,7.14,65.0,ok
3732,16.83,70.3,ok
3733,15.99,65.7,ok
3734,15.23,69.5,ok
3735,21.11,43.5,ok
3736,8.73,69.8,ok
3737,14.88,64.8,ok
3738,12.38,66.4,ok
3739,63.07,63.8,ok
3740,8.92,65.9,ok
3741,20.99,61.1,ok
3742,12.42,63.5,degraded
3743,11.19,57.4,degraded
3744,14.88,89.5,ok
3745,26.36,67.0,ok
3746,11.28,46.8,ok
3747,15.09,54.4,ok
3748,22.56,64.9,ok
3749,21.85,44.8,ok
3750,10.34,50.5,ok
3751,26.86,40.9,ok
3752,17.35,68.2,ok
3753,16.98,63.2,ok
3754,33.32,45.9,ok
3755,14.21,76.2,ok
3756,8.16,70.4,ok
3757,8.84,44.7,ok
3758,17.32,57.1,ok
3759,10.96,42.7,ok
3760,15.33,49.7,ok
3761,15.84,61.1,ok
3762,13.07,65.1,ok
3763,37.59,43.5,ok
3764,29.14,60.9,ok
3765,16.94,62.2,ok
3766,19.03,86.1,ok
3767,8.62,71.0,ok
3768,25.69,39.6,ok
3769,12.79,90.4,ok
3770,96.12,50.0,ok
3771,9.31,68.8,ok
3772,17.1,61.0,ok
3773,14.35,59.0,ok
3774,13.7,62.1,ok
3775,18.47,69.1,ok
3776,24.03,76.6,ok
3777,15.96,50.5,ok
3778,19.33,40.4,ok
3779,33.26,53.6,ok
3780,7.22,61.2,ok
3781,10.82,46.5,ok
3782,8.91,69.0,ok
3783,16.73,62.3,ok
3784,8.55,55.1,ok
3785,16.88,51.9,ok
3786,9.57,43.6,ok
3787,8.13,46.5,ok
3788,10.39,43.4,ok
3789,11.63,62.6,ok
3790,9.89,84.1,ok
3791,8.47,55.0,ok
3792,11.55,54.2,ok
3793,20.74,68.8,ok
3794,9.46,82.3,degraded
3795,9.33,58.0,ok
3796,11.48,35.3,ok
3797,9.64,46.6,degraded
3798,16.81,75.8,ok
3799,14.5,57.8,ok
3800,16.31,57.2,ok
3801,9.19,60.8,ok
3802,22.23,59.0,ok
3803,11.4,73.2,ok
3804,14.83,68.5,ok
3805,14.97,53.5,ok
3806,26.94,62.3,ok
3807,6.57,38.0,ok
3808,40.91,57.6,ok
3809,11.88,60.1,ok
3810,19.06,58.5,ok
3811,8.89,28.0,ok
3812,19.9,45.4,ok
3813,15.82,43.8,ok
3814,18.68,68.7,ok
3815,11.45,46.2,ok
3816,18.52,36.9,ok
3817,18.55,41.3,ok
3818,25.7,50.6,ok
3819,21.63,49.2,ok
3820,9.23,60.4,ok
3821,13.34,36.0,ok
3822,9.18,64.8,ok
3823,25.34,56.2,ok
3824,6.08,89.3,ok
3825,7.42,65.8,ok
3826,10.41,89.7,ok
3827,14.07,46.4,ok
3828,16.31,67.2,ok
3829,7.82,73.1,ok
3830,10.7,90.6,degraded
3831,8.42,56.4,degraded
3832,8.47,50.5,ok
3833,12.91,67.7,ok
3834,8.95,62.5,ok
3835,16.46,54.4,ok
3836,14.71,49.6,ok
3837,11.88,73.3,ok
3838,17.74,50.7,ok
3839,10.82,60.2,ok
3840,13.12,53.1,ok
3841,8.16,52.9,ok
3842,10.03,64.5,ok
3843,12.17,52.9,ok
3844,16.23,49.4,ok
3845,19.39,57.2,ok
3846,26.76,41.0,degraded
3847,8.56,72.8,ok
3848,18.23,67.9,ok
3849,7.85,52.9,ok
3850,32.7,52.5,ok
3851,36.88,55.8,ok
3852,15.83,45.8,ok
3853,15.89,28.1,ok
3854,21.45,64.5,ok
3855,18.42,48.4,ok
3856,10.61,66.5,ok
3857,18.07,46.7,ok
3858,13.42,45.0,ok
3859,8.37,62.3,ok
3860,10.54,46.8,degraded
3861,4.82,73.5,ok
3862,24.63,49.7,ok
3863,8.42,62.5,ok
3864,14.89,50.7,ok
3865,7.15,68.3,ok
3866,19.52,51.1,ok
3867,9.1,58.9,degraded
3868,13.78,41.9,ok
3869,10.25,63.4,ok
3870,20.01,66.4,ok
3871,8.18,65.3,ok
3872,13.54,60.6,ok
3873,11.85,54.9,ok
3874,6.26,57.7,ok
3875,3.11,17.8,ok
3876,7.16,61.5,ok
3877,21.81,61.5,ok
3878,13.9,49.2,ok
3879,8.68,76.1,ok
3880,15.58,70.6,ok
3881,14.22,52.4,ok
3882,12.59,48.7,ok
3883,9.29,55.5,ok
3884,15.38,64.4,ok
3885,17.1,72.7,degraded
3886,28.39,91.9,ok
3887,7.12,48.8,ok
3888,11.14,53.0,ok
3889,5.86,40.7,ok
3890,22.07,53.4,ok
3891,14.93,58.8,ok
3892,8.29,31.2,ok
3893,13.85,46.5,ok
3894,13.82,69.2,ok
3895,7.71,68.3,ok
3896,8.17,47.6,degraded
3897,6.63,44.5,ok
3898,27.59,62.3,ok
3899,19.37,27.5,ok
3900,18.25,52.4,ok
3901,12.13,61.9,ok
3902,15.9,50.9,ok
3903,8.28,62.4,ok
3904,17.06,72.2,ok
3905,9.3,62.5,ok
3906,19.5,63.7,ok
3907,10.85,84.6,ok
3908,10.81,67.7,ok
3909,8.16,64.2,ok
3910,10.11,56.2,ok
3911,15.19,69.2,ok
3912,8.63,49.3,degraded
3913,9.67,33.3,ok
3914,9.72,71.4,ok
3915,6.53,36.0,ok
3916,21.21,37.8,ok
3917,14.47,66.5,ok
3918,28.11,67.3,ok
3919,11.91,47.3,ok
3920,20.45,58.4,ok
3921,15.12,67.8,ok
3922,25.31,49.4,ok
3923,32.26,78.3,ok
3924,10.6,58.3,ok
3925,9.35,66.1,ok
3926,7.5,56.3,ok
3927,17.15,40.9,ok
3928,35.24,53.2,ok
3929,4.58,63.0,degraded
3930,21.78,61.3,ok
3931,20.89,45.3,ok
3932,27.13,62.9,ok
3933,11.14,35.4,degraded
3934,6.4,55.3,ok
3935,9.57,54.0,ok
3936,15.5,59.3,ok
3937,24.5,40.8,ok
3938,17.22,54.1,ok
3939,10.12,42.6,ok
3940,12.02,53.0,ok
3941,8.62,54.7,ok
3942,18.7,59.5,ok
3943,10.73,72.9,ok
3944,18.43,48.3,ok
3945,14.47,66.7,ok
3946,9.92,82.3,ok
3947,21.86,54.8,ok
3948,9.11,74.9,ok
3949,28.22,60.6,ok
3950,16.24,53.9,ok
3951,24.72,46.2,ok
3952,20.17,51.1,ok
3953,30.5,42.0,ok
3954,47.33,59.2,ok
3955,7.49,51.2,ok
3956,11.9,61.7,ok
3957,20.33,41.1,ok
3958,8.86,53.0,ok
3959,9.01,49.1,degraded
3960,5.22,48.5,ok
3961,19.61,64.2,ok
3962,9.45,50.4,ok
3963,10.95,73.3,ok
3964,16.92,37.9,ok
3965,10.52,56.5,ok
3966,11.03,33.8,ok
3967,10.97,66.1,ok
3968,4.34,52.4,ok
3969,16.68,49.8,ok
3970,8.7,54.7,ok
3971,5.96,78.8,ok
3972,7.15,66.9,ok
3973,11.16,66.9,ok
3974,30.41,57.9,ok
3975,23.67,72.9,ok
3976,9.89,56.0,ok
3977,18.67,65.6,degraded
3978,16.15,60.9,ok
3979,8.76,61.0,ok
3980,23.01,69.6,degraded
3981,12.58,95.1,ok
3982,18.73,76.0,ok
3983,14.32,58.6,ok
3984,4.71,59.1,ok
3985,12.31,59.3,ok
3986,20.06,60.5,ok
3987,12.54,46.4,ok
3988,19.6,59.3,ok
3989,10.77,61.1,ok
3990,16.2,75.2,ok
3991,20.7,53.3,ok
3992,19.14,87.6,ok
3993,26.15,34.4,ok
3994,23.17,59.6,ok
3995,22.17,41.8,ok
3996,10.49,66.2,ok
3997,11.27,41.6,ok
3998,11.71,43.4,ok
3999,17.16,31.3,ok
4000,8.4,49.3,degraded
4001,16.12,49.5,ok
4002,9.34,67.0,ok
4003,12.76,47.2,ok
4004,15.88,68.5,ok
4005,19.03,49.5,ok
4006,15.31,51.9,ok
4007,13.18,67.0,ok
4008,26.04,65.2,ok
4009,8.77,67.9,ok
4010,13.67,49.9,ok
4011,15.74,52.7,ok
4012,5.53,33.3,ok
4013,6.31,30.9,ok
4014,13.74,61.5,ok
4015,21.49,60.6,ok
4016,7.99,55.2,ok
4017,21.47,65.5,ok
4018,19.59,65.0,ok
4019,16.84,58.3,ok
4020,17.97,44.6,ok
4021,10.97,55.1,ok
4022,17.77,65.2,ok
4023,12.47,64.0,ok
4024,27.68,49.0,ok
4025,7.97,67.1,ok
4026,6.03,64.1,ok
4027,10.5,68.8,ok
4028,17.46,52.3,ok
4029,9.75,52.7,ok
4030,11.29,57.9,ok
4031,10.72,52.8,ok
4032,12.23,67.2,ok
4033,22.65,61.3,ok
4034,19.92,46.2,ok
4035,19.19,42.0,ok
4036,4.81,62.3,ok
4037,10.12,42.4,ok
4038,7.61,40.8,ok
4039,8.03,65.9,ok
4040,10.54,57.8,ok
4041,7.55,50.3,ok
4042,6.46,76.1,ok
4043,13.15,63.4,ok
4044,10.87,67.4,ok
4045,12.19,55.1,ok
4046,9.12,59.8,ok
4047,9.03,52.1,ok
4048,12.79,69.9,ok
4049,25.32,71.6,ok
4050,6.46,75.7,ok
4051,14.14,56.5,ok
4052,11.22,40.1,ok
4053,7.48,53.7,ok
4054,11.4,50.2,ok
4055,11.98,66.1,ok
4056,5.9,54.2,ok
4057,19.8,71.3,ok
4058,11.25,65.3,ok
4059,9.44,79.2,ok
4060,12.21,79.8,ok
4061,19.65,57.0,ok
4062,11.49,73.9,ok
4063,9.06,44.9,ok
4064,13.48,71.7,ok
4065,14.15,51.2,ok
4066,14.68,85.3,ok
4067,14.77,81.2,ok
4068,8.55,43.0,ok
4069,18.46,77.6,ok
4070,20.34,57.8,ok
4071,10.97,51.9,ok
4072,28.13,76.5,ok
4073,15.59,42.0,ok
4074,10.88,53.5,ok
4075,15.56,68.3,ok
4076,15.76,73.7,ok
4077,11.76,61.4,ok
4078,17.54,77.1,ok
4079,27.86,54.9,ok
4080,26.21,65.4,ok
4081,10.02,55.8,ok
4082,18.0,83.1,ok
4083,9.15,73.8,ok
4084,6.47,61.1,ok
4085,14.8,56.4,ok
4086,19.3,75.3,ok
4087,6.71,61.7,ok
4088,11.66,56.9,degraded
4089,11.21,57.3,ok
4090,4.97,67.6,ok
4091,11.24,56.0,ok
4092,35.38,72.3,ok
4093,27.71,54.7,ok
4094,17.81,39.3,ok
4095,14.19,43.3,degraded
4096,9.23,48.6,ok
4097,4.15,60.4,ok
4098,25.96,57.3,ok
4099,25.0,52.5,ok
4100,8.34,52.3,ok
4101,29.14,68.7,ok
4102,9.95,49.7,ok
4103,13.29,69.2,ok
4104,11.89,53.2,ok
4105,19.24,62.5,degraded
4106,8.16,41.5,ok
4107,18.07,65.3,ok
4108,11.68,57.4,ok
4109,7.42,39.9,ok
4110,13.06,52.9,ok
4111,20.82,67.9,ok
4112,10.17,75.4,ok
4113,8.38,45.4,ok
4114,12.12,38.0,ok
4115,12.69,51.1,ok
4116,18.25,50.6,ok
4117,13.38,42.8,ok
4118,18.1,48.1,ok
4119,13.59,76.8,ok
4120,8.98,67.0,ok
4121,5.39,49.1,ok
4122,19.08,57.6,ok
4123,20.62,57.2,degraded
4124,26.91,61.2,ok
4125,12.68,49.5,ok
4126,11.63,44.7,ok
4127,8.82,43.8,ok
4128,11.34,68.8,ok
4129,26.25,52.1,ok
4130,20.53,83.9,ok
4131,9.87,59.0,ok
4132,42.22,55.3,ok
4133,11.07,54.5,ok
4134,21.37,47.5,ok
4135,19.92,69.0,ok
4136,12.34,43.3,ok
4137,12.49,51.9,ok
4138,15.19,49.3,ok
4139,12.79,48.6,ok
4140,23.28,51.2,degraded
4141,14.97,50.5,ok
4142,11.53,65.4,ok
4143,23.42,63.8,ok
4144,14.8,44.4,ok
4145,6.34,58.5,ok
4146,16.09,54.0,ok
4147,23.72,60.8,ok
4148,20.74,66.9,ok
4149,15.23,52.7,ok
4150,9.51,64.2,ok
4151,14.08,66.9,ok
4152,15.9,64.6,ok
4153,12.36,53.3,ok
4154,16.89,52.9,ok
4155,13.23,50.2,degraded
4156,19.51,72.8,ok
4157,11.36,69.5,ok
4158,16.13,74.7,ok
4159,20.95,38.3,ok
4160,10.62,57.2,ok
4161,8.92,58.5,ok
4162,11.32,64.4,ok
4163,15.67,58.9,ok
4164,14.99,46.8,ok
4165,10.43,70.2,ok
4166,9.77,77.3,ok
4167,26.41,69.4,ok
4168,6.27,60.7,ok
4169,16.98,59.5,ok
4170,8.15,86.8,ok
4171,9.68,37.8,ok
4172,6.99,57.7,degraded
4173,22.55,55.8,ok
4174,9.18,62.4,ok
4175,4.15,56.8,ok
4176,6.35,68.4,ok
4177,12.29,65.2,ok
4178,11.51,55.5,ok
4179,21.3,64.4,ok
4180,40.72,93.0,ok
4181,9.76,67.5,ok
4182,10.75,59.7,degraded
4183,11.75,38.6,ok
4184,7.43,85.1,ok
4185,11.63,47.5,ok
4186,10.65,69.3,ok
4187,5.15,72.5,ok
4188,20.49,63.4,ok
4189,17.24,31.2,ok
4190,19.13,59.1,ok
4191,15.13,63.0,ok
4192,11.04,40.1,ok
4193,8.29,74.2,degraded
4194,4.46,65.5,ok
4195,9.31,48.1,ok
4196,19.75,62.0,degraded
4197,121.69,71.3,ok
4198,6.07,63.7,ok
4199,22.27,39.7,ok
4200,8.7,64.3,ok
4201,10.6,49.0,ok
4202,12.4,35.3,ok
4203,19.05,72.3,ok
4204,13.58,58.0,ok
4205,14.04,51.5,ok
4206,10.42,44.3,ok
4207,8.03,48.8,ok
4208,18.52,90.4,ok
4209,10.45,66.8,ok
4210,17.07,52.3,degraded
4211,6.48,33.0,ok
4212,22.05,52.7,ok
4213,17.29,48.3,ok
4214,12.4,63.1,ok
4215,7.39,65.6,ok
4216,8.58,53.2,ok
4217,14.06,42.0,ok
4218,15.81,60.3,ok
4219,14.17,47.8,ok
4220,25.89,54.4,ok
4221,8.97,56.7,ok
4222,47.97,64.4,ok
4223,33.15,56.4,ok
4224,15.14,66.1,ok
4225,45.42,81.2,ok
4226,16.04,66.6,ok
4227,17.62,49.8,ok
4228,11.16,56.2,ok
4229,12.17,47.6,ok
4230,32.42,61.5,ok
4231,16.04,68.0,ok
4232,17.95,61.3,ok
4233,18.85,54.6,ok
4234,11.96,55.0,ok
4235,12.58,60.0,ok
4236,13.95,51.0,ok
4237,11.52,63.7,ok
4238,14.01,67.4,ok
4239,10.4,61.4,ok
4240,49.95,59.1,ok
4241,12.47,59.7,ok
4242,7.33,56.8,ok
4243,20.11,74.3,ok
4244,12.22,53.2,degraded
4245,26.12,50.9,ok
4246,48.21,48.4,ok
4247,18.01,63.1,ok
4248,18.1,54.5,ok
4249,9.44,84.6,ok
4250,26.2,56.6,ok
4251,8.3,52.9,ok
4252,11.23,57.7,ok
4253,9.56,61.1,ok
4254,20.46,77.3,ok
4255,5.07,64.3,ok
4256,7.57,54.6,ok
4257,18.12,44.2,ok
4258,7.25,65.3,ok
4259,20.66,46.2,ok
4260,9.66,70.9,ok
4261,17.3,74.7,ok
4262,17.13,56.3,ok
4263,8.86,40.5,degraded
4264,19.69,48.1,degraded
4265,7.26,50.2,ok
4266,8.09,75.3,ok
4267,8.39,64.5,ok
4268,9.22,66.3,ok
4269,14.04,52.0,ok
4270,8.56,49.3,ok
4271,18.53,77.7,ok
4272,6.75,55.1,ok
4273,11.51,59.9,ok
4274,25.37,36.8,ok
4275,12.95,45.8,ok
4276,27.27,74.8,ok
4277,21.48,62.4,ok
4278,24.14,38.3,ok
4279,16.92,61.2,ok
4280,8.59,34.3,ok
4281,21.39,71.7,ok
4282,9.63,67.6,ok
4283,29.67,36.3,ok
4284,17.9,39.3,ok
4285,17.27,57.4,ok
4286,14.32,62.0,ok
4287,10.73,59.0,ok
4288,6.07,62.3,degraded
4289,12.25,51.1,ok
4290,21.45,29.6,ok
4291,10.07,66.7,ok
4292,12.99,62.5,ok
4293,23.89,57.7,ok
4294,8.34,65.1,ok
4295,17.26,72.8,ok
4296,7.33,47.4,ok
4297,10.06,59.1,ok
4298,10.37,59.9,ok
4299,15.68,63.9,ok
4300,6.47,57.0,ok
4301,11.6,57.4,ok
4302,195.58,50.8,ok
4303,21.62,70.7,ok
4304,10.5,60.3,ok
4305,25.64,42.7,ok
4306,16.68,67.0,ok
4307,11.14,35.3,ok
4308,8.95,72.6,ok
4309,20.77,73.4,ok
4310,11.69,64.2,ok
4311,20.39,52.9,ok
4312,9.42,69.7,ok
4313,14.82,89.2,ok
4314,6.36,71.0,ok
4315,8.78,61.9,ok
4316,10.47,55.0,ok
4317,14.35,58.2,ok
4318,14.08,58.0,ok
4319,4.44,64.7,ok
4320,9.41,46.3,ok
4321,11.74,71.5,ok
4322,14.97,45.9,degraded
4323,13.52,72.0,ok
4324,11.98,49.7,ok
4325,9.9,57.5,ok
4326,15.51,50.8,ok
4327,8.17,49.2,ok
4328,6.04,69.4,ok
4329,15.15,77.8,ok
4330,11.23,64.5,ok
4331,41.57,55.8,ok
4332,18.28,51.8,ok
4333,17.23,44.7,ok
4334,13.63,55.3,ok
4335,7.94,37.8,ok
4336,21.49,49.5,ok
4337,13.47,60.7,ok
4338,14.74,45.6,ok
4339,20.07,54.4,ok
4340,25.55,65.4,ok
4341,7.86,50.8,ok
4342,17.81,60.4,ok
4343,28.08,46.6,ok
4344,19.57,57.9,ok
4345,19.06,63.2,ok
4346,10.88,74.2,ok
4347,8.36,47.8,ok
4348,8.23,72.7,ok
4349,13.56,64.7,degraded
4350,15.66,55.7,ok
4351,11.33,40.3,ok
4352,11.67,57.0,ok
4353,22.52,77.7,ok
4354,21.96,54.6,ok
4355,12.29,72.9,ok
4356,8.54,60.5,ok
4357,20.38,62.4,ok
4358,30.0,76.6,ok
4359,12.27,68.3,ok
4360,17.14,60.9,ok
4361,21.74,52.7,ok
4362,16.84,56.2,ok
4363,5.77,52.4,ok
4364,7.8,68.0,ok
4365,7.98,50.8,ok
4366,26.2,42.4,ok
4367,14.77,49.5,ok
4368,13.07,78.0,ok
4369,14.35,80.5,ok
4370,14.33,85.6,ok
4371,15.82,53.6,ok
4372,10.68,53.4,ok
4373,20.76,55.9,ok
4374,11.46,66.7,ok
4375,4.81,55.7,ok
4376,9.86,53.9,ok
4377,28.99,37.5,ok
4378,13.41,65.2,ok
4379,19.34,61.5,ok
4380,6.5,70.8,ok
4381,15.58,61.4,ok
4382,16.19,54.3,ok
4383,13.41,58.3,ok
4384,14.53,64.7,ok
4385,18.74,70.8,ok
4386,12.1,18.6,ok
4387,6.83,39.9,ok
4388,26.04,50.9,ok
4389,14.78,31.4,ok
4390,10.52,92.6,ok
4391,17.72,44.0,ok
4392,22.26,68.1,ok
4393,11.86,59.6,ok
4394,41.32,35.9,ok
4395,10.97,67.9,ok
4396,10.82,58.6,ok
4397,13.1,60.3,ok
4398,16.09,69.5,ok
4399,22.49,60.5,ok
4400,23.93,51.2,ok
4401,17.26,75.4,ok
4402,13.68,47.0,ok
4403,20.23,75.5,ok
4404,9.57,47.0,ok
4405,19.8,62.9,ok
4406,13.55,58.0,ok
4407,7.8,80.7,ok
4408,5.45,66.7,ok
4409,20.74,57.9,ok
4410,39.4,53.5,ok
4411,12.56,41.6,ok
4412,14.9,62.4,ok
4413,10.09,41.3,ok
4414,27.24,29.7,ok
4415,17.8,77.1,ok
4416,8.15,39.6,ok
4417,15.32,47.7,ok
4418,32.07,62.2,ok
4419,12.7,70.1,ok
4420,27.74,67.4,ok
4421,16.76,59.0,ok
4422,18.32,52.0,ok
4423,21.83,48.0,ok
4424,16.27,50.0,ok
4425,11.6,65.7,ok
4426,27.49,58.4,ok
4427,16.49,22.8,degraded
4428,28.24,62.3,ok
4429,19.96,55.4,ok
4430,9.04,61.5,ok
4431,33.87,53.2,ok
4432,22.9,59.0,ok
4433,20.83,44.5,degraded
4434,14.99,47.1,ok
4435,78.96,69.1,ok
4436,8.65,36.3,ok
4437,18.38,61.6,ok
4438,15.46,53.2,ok
4439,6.41,45.6,ok
4440,8.02,57.6,ok
4441,9.27,47.6,ok
4442,15.25,48.3,ok
4443,11.43,64.5,ok
4444,10.83,63.2,ok
4445,8.13,64.7,ok
4446,20.39,34.9,ok
4447,25.59,45.6,ok
4448,6.55,56.1,ok
4449,17.53,62.1,ok
4450,12.53,57.3,ok
4451,10.21,53.5,ok
4452,21.5,60.1,ok
4453,17.09,67.2,ok
4454,10.5,58.6,degraded
4455,7.56,71.2,ok
4456,18.63,69.9,ok
4457,11.57,47.6,ok
4458,10.78,82.6,degraded
4459,13.74,45.8,ok
4460,6.57,62.3,ok
4461,16.71,72.7,degraded
4462,11.38,65.4,ok
4463,21.4,74.1,ok
4464,6.28,77.6,ok
4465,14.79,60.6,ok
4466,8.09,54.4,ok
4467,15.5,54.9,ok
4468,20.07,59.1,ok
4469,15.26,74.5,ok
4470,9.71,62.0,ok
4471,26.27,56.0,ok
4472,9.71,49.2,ok
4473,17.68,53.6,ok
4474,18.83,53.4,ok
4475,21.75,61.5,ok
4476,11.22,70.2,ok
4477,18.0,49.7,ok
4478,25.68,61.4,ok
4479,13.68,83.0,degraded
4480,9.18,66.6,ok
4481,13.14,78.9,ok
4482,22.48,75.9,ok
4483,14.67,27.1,ok
4484,10.89,50.6,ok
4485,14.91,46.6,ok
4486,8.15,57.9,ok
4487,6.23,24.5,ok
4488,20.58,50.0,ok
4489,7.82,36.4,ok
4490,21.29,58.0,ok
4491,22.42,56.3,ok
4492,9.82,49.5,ok
4493,15.91,55.9,ok
4494,20.31,36.1,ok
4495,15.94,57.4,ok
4496,15.63,67.7,ok
4497,9.16,67.7,ok
4498,6.25,66.7,ok
4499,12.5,81.8,ok
4500,20.3,73.9,ok
4501,18.45,61.4,ok
4502,7.26,68.8,ok
4503,8.17,61.1,ok
4504,28.64,82.6,ok
4505,11.83,57.5,ok
4506,14.89,47.6,ok
4507,14.6,50.2,ok
4508,7.53,70.2,ok
4509,28.8,53.3,ok
4510,15.07,64.3,ok
4511,11.84,65.0,ok
4512,22.64,36.9,ok
4513,15.03,56.6,ok
4514,29.98,70.2,ok
4515,14.18,50.0,degraded
4516,4.65,73.9,ok
4517,12.06,34.4,ok
4518,30.14,64.3,ok
4519,22.28,72.8,ok
4520,15.81,66.6,ok
4521,38.42,68.6,ok
4522,17.08,55.5,ok
4523,4.62,44.8,ok
4524,36.16,58.6,ok
4525,13.7,43.9,ok
4526,13.71,82.8,ok
4527,14.11,52.2,ok
4528,16.88,69.0,ok
4529,8.11,55.4,ok
4530,3.47,70.8,ok
4531,18.2,55.5,ok
4532,17.78,55.2,ok
4533,85.52,74.3,ok
4534,15.32,72.6,ok
4535,13.71,55.8,ok
4536,10.49,62.0,ok
4537,19.66,63.5,ok
4538,13.68,71.0,ok
4539,15.52,49.5,ok
4540,16.35,53.4,ok
4541,15.38,42.3,ok
4542,12.2,53.9,ok
4543,14.1,74.4,degraded
4544,9.0,44.8,ok
4545,14.11,66.2,ok
4546,22.54,59.9,ok
4547,12.23,51.7,ok
4548,17.55,54.6,ok
4549,17.3,32.8,ok
4550,10.84,65.1,ok
4551,18.91,63.5,ok
4552,14.05,49.1,ok
4553,12.72,45.8,ok
4554,42.52,79.3,ok
4555,12.72,56.4,ok
4556,33.8,59.9,ok
4557,7.94,61.3,ok
4558,19.66,62.8,ok
4559,20.92,52.8,degraded
4560,25.32,77.2,ok
4561,7.39,63.5,ok
4562,18.3,78.9,ok
4563,18.79,62.9,ok
4564,9.55,66.4,ok
4565,42.06,61.4,ok
4566,15.17,66.6,ok
4567,11.58,67.2,ok
4568,13.5,69.4,ok
4569,20.77,42.5,ok
4570,25.75,73.8,ok
4571,10.31,61.7,ok
4572,33.09,57.1,ok
4573,7.58,53.4,ok
4574,65.1,91.3,ok
4575,18.09,46.5,ok
4576,13.74,63.2,ok
4577,14.79,60.7,ok
4578,19.17,82.2,ok
4579,10.69,99.0,ok
4580,7.04,63.3,ok
4581,21.12,48.7,ok
4582,8.66,52.6,ok
4583,9.78,59.6,ok
4584,19.38,68.7,ok
4585,7.77,36.8,ok
4586,10.91,83.7,ok
4587,21.71,48.9,ok
4588,5.65,58.9,ok
4589,25.19,59.2,ok
4590,15.61,57.6,ok
4591,6.29,41.0,ok
4592,14.06,71.0,ok
4593,9.99,63.1,ok
4594,17.26,55.0,ok
4595,8.43,35.7,ok
4596,8.78,57.0,ok
4597,15.27,67.0,ok
4598,14.24,62.1,ok
4599,10.9,56.2,ok
4600,10.47,63.6,ok
4601,22.99,59.3,ok
4602,13.89,46.4,ok
4603,44.5,54.6,ok
4604,11.47,73.8,ok
4605,17.64,41.4,ok
4606,9.32,63.0,ok
4607,27.5,65.6,ok
4608,13.28,66.1,degraded
4609,16.52,55.2,ok
4610,22.83,46.5,ok
4611,14.35,51.2,ok
4612,12.12,61.3,ok
4613,8.02,47.9,ok
4614,20.74,56.0,ok
4615,11.14,58.5,ok
4616,16.1,76.4,ok
4617,16.32,49.8,degraded
4618,11.09,43.8,ok
4619,21.48,77.9,ok
4620,21.28,67.8,ok
4621,10.08,36.7,ok
4622,14.03,80.5,ok
4623,12.51,68.9,ok
4624,15.85,65.1,ok
4625,18.16,35.6,ok
4626,10.97,51.8,degraded
4627,16.21,63.8,ok
4628,16.35,69.1,ok
4629,7.93,64.6,degraded
4630,20.25,65.9,ok
4631,4.54,58.7,degraded
4632,5.54,46.6,ok
4633,26.52,77.2,ok
4634,14.74,41.6,ok
4635,11.11,61.5,ok
4636,64.18,77.1,ok
4637,5.72,72.7,ok
4638,10.62,67.1,ok
4639,10.43,47.7,ok
4640,21.76,52.8,ok
4641,6.68,56.1,ok
4642,15.87,62.2,ok
4643,7.32,56.3,ok
4644,12.98,54.2,ok
4645,16.8,43.1,ok
4646,18.18,65.0,ok
4647,22.3,68.7,ok
4648,17.62,66.2,ok
4649,15.51,78.6,ok
4650,8.38,49.9,ok
4651,17.93,77.6,ok
4652,9.97,57.1,ok
4653,8.98,55.0,ok
4654,6.81,50.9,ok
4655,16.57,64.6,ok
4656,6.83,27.6,ok
4657,6.94,47.4,ok
4658,37.48,47.3,ok
4659,6.29,56.8,ok
4660,26.53,41.5,ok
4661,10.09,64.4,ok
4662,13.1,34.3,ok
4663,13.68,81.1,ok
4664,16.53,52.1,ok
4665,7.3,53.6,ok
4666,10.81,84.1,ok
4667,11.74,42.7,ok
4668,8.26,61.7,ok
4669,8.67,40.2,ok
4670,13.25,52.7,ok
4671,21.4,40.2,ok
4672,11.81,43.3,ok
4673,12.53,66.5,ok
4674,16.99,56.2,ok
4675,7.85,83.3,ok
4676,7.63,57.2,ok
4677,10.82,60.9,ok
4678,14.84,54.7,ok
4679,7.86,60.9,ok
4680,11.82,61.2,ok
4681,8.09,56.7,ok
4682,41.98,72.8,ok
4683,10.04,26.4,degraded
4684,11.91,73.2,ok
4685,28.6,64.1,ok
4686,11.75,47.0,ok
4687,11.13,66.7,ok
4688,8.97,59.6,ok
4689,8.72,60.7,ok
4690,21.79,57.1,ok
4691,18.02,34.7,ok
4692,6.94,88.3,ok
4693,14.21,75.6,ok
4694,6.96,60.4,ok
4695,9.64,56.1,ok
4696,34.74,58.0,ok
4697,32.47,56.3,ok
4698,9.86,59.6,ok
4699,14.23,41.3,ok
4700,17.25,60.6,ok
4701,16.71,75.0,ok
4702,16.9,49.3,ok
4703,8.39,70.5,ok
4704,9.49,63.5,ok
4705,6.45,60.9,ok
4706,9.94,58.8,ok
4707,7.98,68.2,ok
4708,20.0,76.7,ok
4709,9.92,59.2,ok
4710,11.37,58.7,ok
4711,18.22,38.5,ok
4712,11.0,72.3,ok
4713,24.44,42.1,ok
4714,11.99,59.2,ok
4715,60.88,45.7,degraded
4716,10.71,40.1,ok
4717,14.26,62.1,ok
4718,13.83,77.6,ok
4719,40.65,57.9,degraded
4720,15.31,47.9,ok
4721,11.66,60.9,ok
4722,13.03,61.1,ok
4723,10.8,62.6,ok
4724,17.53,72.0,ok
4725,11.46,78.9,ok
4726,10.05,71.8,ok
4727,7.39,56.1,ok
4728,12.39,78.8,ok
4729,11.86,42.3,ok
4730,9.34,48.1,ok
4731,20.47,42.5,ok
4732,13.45,57.3,ok
4733,16.14,46.3,ok
4734,15.52,63.0,ok
4735,21.7,59.0,ok
4736,13.01,73.9,ok
4737,25.1,57.2,ok
4738,12.73,52.3,ok
4739,21.66,67.2,ok
4740,8.38,38.7,ok
4741,34.74,61.3,ok
4742,5.76,70.8,ok
4743,6.59,62.0,ok
4744,10.83,63.6,ok
4745,11.72,57.4,ok
4746,19.98,69.6,ok
4747,12.34,67.3,ok
4748,5.4,43.5,ok
4749,11.45,54.5,ok
4750,18.13,55.9,ok
4751,15.58,55.2,ok
4752,9.1,37.7,ok
4753,7.77,41.8,ok
4754,15.79,64.9,ok
4755,24.64,72.7,ok
4756,17.08,61.9,ok
4757,12.22,41.2,ok
4758,7.69,53.7,ok
4759,16.79,40.5,ok
4760,22.45,49.1,ok
4761,8.99,65.9,ok
4762,7.0,54.6,ok
4763,13.56,45.6,ok
4764,41.07,38.4,ok
4765,11.89,59.6,ok
4766,7.35,29.1,ok
4767,39.11,55.8,ok
4768,6.18,38.0,ok
4769,20.99,53.3,ok
4770,14.18,53.5,ok
4771,11.51,54.8,ok
4772,10.91,55.9,ok
4773,17.9,69.6,ok
4774,13.11,76.1,ok
4775,39.71,60.5,ok
4776,10.0,48.4,ok
4777,28.74,47.5,ok
4778,7.86,34.2,ok
4779,13.7,79.1,ok
4780,13.95,78.5,ok
4781,41.55,70.3,ok
4782,13.02,69.9,ok
4783,19.75,57.7,ok
4784,13.09,55.6,ok
4785,20.19,73.8,ok
4786,16.13,67.8,ok
4787,16.66,41.8,ok
4788,11.87,38.6,ok
4789,9.33,51.0,ok
4790,13.43,58.5,ok
4791,9.66,82.4,ok
4792,13.64,62.5,ok
4793,21.9,52.4,degraded
4794,19.37,60.5,ok
4795,23.16,52.3,ok
4796,8.96,69.1,ok
4797,15.61,57.0,ok
4798,28.77,81.1,ok
4799,10.03,57.7,ok
4800,13.61,52.7,ok
4801,13.26,57.8,ok
4802,8.8,56.9,ok
4803,8.71,32.2,ok
4804,16.38,67.4,ok
4805,21.43,69.3,ok
4806,3.42,61.8,ok
4807,7.29,61.5,ok
4808,7.16,38.9,ok
4809,13.88,67.0,ok
4810,12.27,58.3,ok
4811,14.08,79.5,ok
4812,26.23,49.4,ok
4813,35.65,62.0,ok
4814,14.88,46.9,ok
4815,18.79,55.7,ok
4816,60.18,66.7,ok
4817,12.54,58.3,ok
4818,11.2,60.7,ok
4819,14.79,73.3,ok
4820,15.08,46.7,ok
4821,15.42,61.4,ok
4822,17.1,41.7,ok
4823,8.83,61.9,ok
4824,17.25,60.1,ok
4825,15.56,59.7,ok
4826,17.17,61.7,ok
4827,28.46,48.9,ok
4828,8.32,61.0,ok
4829,10.98,68.2,ok
4830,15.16,49.0,degraded
4831,39.54,41.6,ok
4832,11.44,77.4,ok
4833,11.27,58.0,ok
4834,19.17,56.9,ok
4835,12.26,51.7,ok
4836,17.02,62.1,ok
4837,12.12,50.2,ok
4838,18.29,36.6,ok
4839,12.32,31.0,ok
4840,13.28,52.3,ok
4841,8.9,55.1,ok
4842,9.36,44.6,ok
4843,25.53,36.9,ok
4844,14.52,53.7,ok
4845,8.76,70.6,ok
4846,7.25,34.2,ok
4847,17.6,49.4,ok
4848,19.4,49.7,ok
4849,10.87,86.3,ok
4850,8.14,70.4,ok
4851,9.94,54.0,degraded
4852,16.65,59.1,ok
4853,7.39,51.9,ok
4854,8.95,58.4,ok
4855,16.69,40.6,ok
4856,9.75,51.1,ok
4857,17.42,73.4,ok
4858,11.28,71.2,ok
4859,7.21,67.0,ok
4860,4.93,70.4,ok
4861,11.21,71.6,ok
4862,27.18,56.3,ok
4863,9.48,63.4,ok
4864,25.76,51.8,ok
4865,8.45,39.6,ok
4866,26.84,63.0,ok
4867,5.47,44.0,degraded
4868,10.23,72.5,ok
4869,17.18,63.4,ok
4870,13.72,68.7,ok
4871,14.26,62.6,ok
4872,26.29,81.6,ok
4873,9.38,71.2,ok
4874,8.58,64.6,ok
4875,10.89,67.6,ok
4876,4.98,68.2,ok
4877,20.73,76.3,ok
4878,10.21,70.6,ok
4879,11.93,60.2,ok
4880,16.78,45.9,ok
4881,4.39,71.5,ok
4882,14.56,75.0,ok
4883,10.79,78.0,ok
4884,12.9,51.9,ok
4885,13.15,62.7,ok
4886,8.93,88.2,ok
4887,8.17,52.2,ok
4888,7.41,39.0,degraded
4889,12.72,59.9,ok
4890,18.57,58.2,ok
4891,16.11,42.2,ok
4892,11.44,59.8,ok
4893,11.87,38.9,ok
4894,16.94,69.0,ok
4895,28.09,41.6,ok
4896,10.33,49.8,ok
4897,12.99,24.1,ok
4898,20.72,39.9,ok
4899,17.41,49.5,ok
4900,5.6,56.2,ok
4901,18.41,53.1,ok
4902,17.1,51.1,ok
4903,22.32,33.1,ok
4904,7.72,65.9,ok
4905,16.93,55.3,ok
4906,7.33,63.2,ok
4907,13.74,44.4,ok
4908,23.43,46.3,ok
4909,8.19,79.8,ok
4910,13.1,64.3,ok
4911,10.0,62.9,ok
4912,21.21,64.7,ok
4913,10.66,55.8,ok
4914,12.92,57.7,ok
4915,7.87,60.3,ok
4916,12.72,65.6,ok
4917,21.56,61.4,ok
4918,9.89,52.7,degraded
4919,14.25,37.3,ok
4920,35.04,69.3,degraded
4921,7.97,61.7,ok
4922,9.32,45.4,ok
4923,20.62,53.5,ok
4924,12.78,42.2,ok
4925,40.33,52.7,ok
4926,18.15,35.3,ok
4927,27.87,42.4,ok
4928,6.41,54.1,ok
4929,16.05,81.4,ok
4930,26.96,51.9,ok
4931,7.98,88.4,ok
4932,19.27,67.1,ok
4933,13.71,71.8,ok
4934,21.66,69.2,degraded
4935,12.29,52.6,ok
4936,20.72,71.3,ok
4937,22.0,52.9,ok
4938,12.84,67.7,ok
4939,14.86,57.6,ok
4940,14.85,70.3,ok
4941,23.58,73.2,ok
4942,15.05,58.4,ok
4943,6.65,61.0,ok
4944,15.88,75.3,degraded
4945,27.78,41.9,ok
4946,35.53,74.1,ok
4947,11.74,62.0,ok
4948,10.55,54.5,ok
4949,111.92,43.4,ok
4950,9.17,58.1,ok
4951,6.22,90.6,ok
4952,16.96,55.0,ok
4953,11.17,94.0,ok
4954,46.98,61.3,ok
4955,13.05,81.2,ok
4956,8.19,66.9,ok
4957,14.16,65.1,ok
4958,10.47,60.5,ok
4959,24.41,73.8,ok
4960,16.56,55.6,ok
4961,8.82,59.8,ok
4962,9.12,55.2,ok
4963,13.12,48.5,ok
4964,14.73,48.2,ok
4965,15.11,68.7,ok
4966,19.42,38.9,ok
4967,19.17,49.7,ok
4968,11.04,48.2,ok
4969,15.11,47.5,ok
4970,4.93,40.3,ok
4971,11.95,62.3,ok
4972,14.29,69.1,degraded
4973,24.56,75.3,ok
4974,17.92,30.7,ok
4975,11.28,47.5,ok
4976,14.8,60.1,degraded
4977,12.57,59.3,ok
4978,31.38,63.6,ok
4979,13.89,58.5,ok
4980,14.89,42.1,ok
4981,12.49,50.7,ok
4982,16.59,60.6,ok
4983,9.17,35.8,degraded
4984,10.31,61.5,ok
4985,7.72,46.4,ok
4986,60.85,54.9,ok
4987,18.41,67.1,ok
4988,14.97,62.4,ok
4989,13.59,59.6,ok
4990,7.08,51.4,ok
4991,6.67,65.2,ok
4992,6.22,53.9,ok
4993,7.34,45.4,degraded
4994,20.63,37.4,ok
4995,6.06,35.6,ok
4996,16.32,52.6,ok
4997,10.91,59.0,ok
4998,30.32,36.3,ok
4999,26.48,23.8,ok
5000,8.59,40.2,ok
